"DATETIME";"T";"Po";"P";"Pa";"U";"DD";"Ff";"ff10";"ff3";"N";"WW";"W1";"W2";"Tn";"Tx";"Cl";"Nh";"H";"Cm";"Ch";"VV";"Td";"RRR";"tR";"E";"Tg";"E'";"sss";"null"
"28.02.2026 22:00";"-6.8";"750.2";"765.8";"-1.1";"87";"Ветер, дующий с востоко-юго-востока";"4";"5";"7";"100%.";"Снег непрерывный слабый в срок наблюдения. ";"Снег и/или другие виды твердых осадков";"Метель";"";"";"Слоисто-кучевых, слоистых, кучевых или кучево-дождевых облаков нет.";"100%.";"600-1000";"Высокослоистые непросвечивающие или слоисто-дождевые.";"";"10.0";"-8.7";"";"";"";"";"";"";
"28.02.2026 19:00";"-6.4";"751.3";"766.9";"-0.7";"87";"Ветер, дующий с востоко-юго-востока";"4";"5";"7";"100%.";"Снег непрерывный слабый в срок наблюдения. ";"Снег и/или другие виды твердых осадков";"Метель";"";"-5.5";"Слоисто-кучевых, слоистых, кучевых или кучево-дождевых облаков нет.";"100%.";"600-1000";"Высокослоистые непросвечивающие или слоисто-дождевые.";"";"4.0";"-8.3";"2.0";"12";"";"";"";"";
"28.02.2026 16:00";"-5.8";"752.0";"767.7";"-1.0";"84";"Ветер, дующий с юго-востока";"5";"";"8";"100%.";"Снег непрерывный слабый в срок наблюдения. ";"Снег и/или другие виды твердых осадков";"Метель";"";"";"Слоисто-кучевых, слоистых, кучевых или кучево-дождевых облаков нет.";"100%.";"600-1000";"Высокослоистые непросвечивающие или слоисто-дождевые.";"";"4.0";"-8.1";"";"";"";"";"";"";
"28.02.2026 13:00";"-5.8";"753.0";"768.7";"-0.8";"83";"Ветер, дующий с юго-востока";"5";"6";"8";"100%.";"Снег непрерывный слабый в срок наблюдения. ";"Метель";"Облака покрывали более половины неба в течение всего соответствующего периода.";"";"";"Слоисто-кучевых, слоистых, кучевых или кучево-дождевых облаков нет.";"100%.";"600-1000";"Высокослоистые непросвечивающие или слоисто-дождевые.";"";"4.0";"-8.3";"";"";"";"";"";"";
"28.02.2026 10:00";"-7.4";"753.8";"769.6";"-1.0";"84";"Ветер, дующий с юго-юго-востока";"6";"";"";"100%.";"Состояние неба в общем не изменилось. ";"Метель";"Облака покрывали более половины неба в течение всего соответствующего периода.";"";"";"Слоисто-кучевых, слоистых, кучевых или кучево-дождевых облаков нет.";"100%.";"600-1000";"Высокослоистые непросвечивающие или слоисто-дождевые.";"";"4.0";"-9.6";"";"";"";"";"";"";
"28.02.2026 07:00";"-8.4";"754.8";"770.5";"-1.0";"87";"Ветер, дующий с юго-востока";"5";"6";"6";"100%.";"Снег непрерывный слабый в срок наблюдения. ";"Снег и/или другие виды твердых осадков";"Метель";"-8.4";"";"Слоисто-кучевых, слоистых, кучевых или кучево-дождевых облаков нет.";"100%.";"600-1000";"Высокослоистые непросвечивающие или слоисто-дождевые.";"";"4.0";"-10.2";"2.0";"12";"";"";"Неровный слой сухого рассыпчатого снега покрывает поверхность почвы полностью.";"92.0";
"28.02.2026 04:00";"-8.2";"755.8";"771.7";"-0.8";"88";"Ветер, дующий с юго-юго-востока";"3";"4";"4";"100%.";"Снег непрерывный слабый в срок наблюдения. ";"Снег и/или другие виды твердых осадков";"Облака покрывали более половины неба в течение всего соответствующего периода.";"";"";"Слоисто-кучевых, слоистых, кучевых или кучево-дождевых облаков нет.";"100%.";"600-1000";"Высокослоистые непросвечивающие или слоисто-дождевые.";"";"4.0";"-9.9";"";"";"";"";"";"";
"28.02.2026 01:00";"-7.7";"756.6";"772.4";"-0.7";"86";"Ветер, дующий с юго-юго-востока";"2";"3";"3";"100%.";"Снег с перерывами слабый в срок наблюдения. ";"Снег и/или другие виды твердых осадков";"Облака покрывали более половины неба в течение всего соответствующего периода.";"";"";"Слоисто-кучевые, образовавшиеся не из кучевых.";"100%.";"600-1000";"";"";"4.0";"-9.6";"";"";"";"";"";"";
"27.02.2026 22:00";"-7.2";"757.3";"773.0";"-0.8";"84";"Ветер, дующий с юга";"1";"2";"3";"100%.";" ";"";"";"";"";"Слоисто-кучевые, образовавшиеся не из кучевых.";"100%.";"600-1000";"";"";"10.0";"-9.4";"";"";"";"";"";"";
"27.02.2026 19:00";"-6.7";"758.1";"773.8";"-0.2";"83";"Ветер, дующий с юга";"1";"1";"2";"100%.";" ";"";"";"";"-4.9";"Слоисто-кучевые, образовавшиеся не из кучевых.";"100%.";"600-1000";"";"";"10.0";"-9.1";"Осадков нет";"12";"";"";"";"";
"27.02.2026 16:00";"-4.9";"758.3";"774.0";"-0.3";"74";"Штиль, безветрие";"0";"";"";"100%.";" ";"";"";"";"";"Слоисто-кучевые, образовавшиеся не из кучевых.";"100%.";"1000-1500";"";"";"10.0";"-8.9";"";"";"";"";"";"";
"27.02.2026 13:00";"-5.8";"758.6";"774.4";"0.1";"80";"Ветер, дующий с юга";"1";"2";"3";"100%.";" ";"";"";"";"";"Слоисто-кучевые, образовавшиеся не из кучевых.";"100%.";"600-1000";"";"";"10.0";"-8.8";"";"";"";"";"";"";
"27.02.2026 10:00";"-7.5";"758.5";"774.2";"-0.1";"85";"Ветер, дующий с юго-запада";"1";"2";"2";"100%.";" ";"";"";"-9.0";"";"Слоисто-кучевых, слоистых, кучевых или кучево-дождевых облаков нет.";"100%.";"2500 или более, или облаков нет.";"Высококучевые, просвечивающие или плотные в двух или более слоях или высококучевые плотные в одном слое, не распространяющиеся но небу, либо высококучевые с высокослоистыми или слоисто-дождевыми.";"";"10.0";"-9.6";"";"";"";"";"";"";
"27.02.2026 07:00";"-8.6";"758.6";"774.4";"0.1";"88";"Штиль, безветрие";"0";"";"";"100%.";"Состояние неба в общем не изменилось. ";"Снег и/или другие виды твердых осадков";"Облака покрывали более половины неба в течение всего соответствующего периода.";"-8.6";"";"Слоисто-кучевых, слоистых, кучевых или кучево-дождевых облаков нет.";"100%.";"2500 или более, или облаков нет.";"Высококучевые, просвечивающие или плотные в двух или более слоях или высококучевые плотные в одном слое, не распространяющиеся но небу, либо высококучевые с высокослоистыми или слоисто-дождевыми.";"";"10.0";"-10.2";"4.0";"12";"";"";"Неровный слой сухого рассыпчатого снега покрывает поверхность почвы полностью.";"90.0";
"27.02.2026 04:00";"-7.5";"758.5";"774.2";"0.0";"88";"Ветер, дующий с юго-запада";"1";"2";"3";"100%.";"Снег непрерывный умеренный в срок наблюдения. ";"Снег и/или другие виды твердых осадков";"Облака покрывали более половины неба в течение всего соответствующего периода.";"";"";"Слоисто-кучевых, слоистых, кучевых или кучево-дождевых облаков нет.";"100%.";"600-1000";"Высокослоистые непросвечивающие или слоисто-дождевые.";"";"2.0";"-9.2";"";"";"";"";"";"";
"27.02.2026 01:00";"-7.2";"758.5";"774.3";"-0.1";"88";"Штиль, безветрие";"0";"";"";"100%.";"Снег непрерывный умеренный в срок наблюдения. ";"Снег и/или другие виды твердых осадков";"Облака покрывали более половины неба в течение всего соответствующего периода.";"";"";"Слоисто-кучевых, слоистых, кучевых или кучево-дождевых облаков нет.";"100%.";"600-1000";"Высокослоистые непросвечивающие или слоисто-дождевые.";"";"2.0";"-8.9";"";"";"";"";"";"";
"26.02.2026 22:00";"-7.0";"758.6";"774.4";"-0.2";"88";"Ветер, дующий с юга";"1";"3";"5";"100%.";"Снег непрерывный умеренный в срок наблюдения. ";"Снег и/или другие виды твердых осадков";"Облака покрывали более половины неба в течение всего соответствующего периода.";"";"";"Слоисто-кучевых, слоистых, кучевых или кучево-дождевых облаков нет.";"100%.";"600-1000";"Высокослоистые непросвечивающие или слоисто-дождевые.";"";"2.0";"-8.7";"";"";"";"";"";"";
"26.02.2026 19:00";"-7.0";"758.8";"774.5";"0.2";"87";"Ветер, дующий с юго-юго-востока";"3";"4";"5";"100%.";"Снег непрерывный умеренный в срок наблюдения. ";"Снег и/или другие виды твердых осадков";"Облака покрывали более половины неба в течение всего соответствующего периода.";"";"-6.4";"Слоисто-кучевых, слоистых, кучевых или кучево-дождевых облаков нет.";"100%.";"600-1000";"Высокослоистые непросвечивающие или слоисто-дождевые.";"";"2.0";"-8.8";"3.0";"12";"";"";"";"";
"26.02.2026 16:00";"-6.6";"758.6";"774.4";"0.2";"87";"Ветер, дующий с юго-юго-востока";"3";"4";"4";"100%.";"Снег непрерывный умеренный в срок наблюдения. ";"Снег и/или другие виды твердых осадков";"Облака покрывали более половины неба в течение всего соответствующего периода.";"";"";"Слоисто-кучевых, слоистых, кучевых или кучево-дождевых облаков нет.";"100%.";"600-1000";"Высокослоистые непросвечивающие или слоисто-дождевые.";"";"2.0";"-8.5";"";"";"";"";"";"";
"26.02.2026 13:00";"-7.3";"758.4";"774.1";"0.3";"84";"Ветер, дующий с юго-востока";"2";"3";"4";"100%.";"Снег непрерывный умеренный в срок наблюдения. ";"Снег и/или другие виды твердых осадков";"Облака покрывали более половины неба в течение всего соответствующего периода.";"";"";"Слоисто-кучевых, слоистых, кучевых или кучево-дождевых облаков нет.";"100%.";"600-1000";"Высокослоистые непросвечивающие или слоисто-дождевые.";"";"2.0";"-9.6";"";"";"";"";"";"";
"26.02.2026 10:00";"-8.3";"758.1";"773.9";"0.3";"74";"Ветер, дующий с юго-юго-востока";"2";"3";"4";"100%.";"Состояние неба в общем не изменилось. ";"Снег и/или другие виды твердых осадков";"Метель";"";"";"Слоисто-кучевых, слоистых, кучевых или кучево-дождевых облаков нет.";"100%.";"2500 или более, или облаков нет.";"Высокослоистые просвечивающие.";"";"10.0";"-12.1";"";"";"";"";"";"";
"26.02.2026 07:00";"-9.4";"757.8";"773.7";"0.2";"85";"Ветер, дующий с юго-востока";"3";"4";"4";"100%.";"Снег неливневый. ";"Снег и/или другие виды твердых осадков";"Метель";"";"";"Слоисто-кучевые, образовавшиеся не из кучевых.";"40%.";"600-1000";"Высококучевые, просвечивающие или плотные в двух или более слоях или высококучевые плотные в одном слое, не распространяющиеся но небу, либо высококучевые с высокослоистыми или слоисто-дождевыми.";"";"10.0";"-11.5";"2.0";"12";"";"";"Неровный слой сухого рассыпчатого снега покрывает поверхность почвы полностью.";"87.0";
"26.02.2026 04:00";"-9.2";"757.6";"773.5";"0.3";"86";"Ветер, дующий с юго-востока";"2";"3";"3";"100%.";"Снег непрерывный слабый в срок наблюдения. ";"Снег и/или другие виды твердых осадков";"Облака покрывали более половины неба в течение всего соответствующего периода.";"";"";"Слоисто-кучевых, слоистых, кучевых или кучево-дождевых облаков нет.";"100%.";"600-1000";"Высокослоистые непросвечивающие или слоисто-дождевые.";"";"4.0";"-11.1";"";"";"";"";"";"";
"26.02.2026 01:00";"-9.3";"757.3";"773.2";"0.3";"86";"Ветер, дующий с востоко-юго-востока";"2";"2";"3";"100%.";"Снег непрерывный слабый в срок наблюдения. ";"Снег и/или другие виды твердых осадков";"Облака покрывали более половины неба в течение всего соответствующего периода.";"";"";"Слоисто-кучевых, слоистых, кучевых или кучево-дождевых облаков нет.";"100%.";"600-1000";"Высокослоистые непросвечивающие или слоисто-дождевые.";"";"4.0";"-11.2";"";"";"";"";"";"";
"25.02.2026 22:00";"-8.8";"757.0";"772.9";"0.3";"71";"Ветер, дующий с юго-юго-востока";"3";"3";"5";"100%.";"Снег с перерывами слабый в срок наблюдения. ";"Снег и/или другие виды твердых осадков";"Облака покрывали более половины неба в течение всего соответствующего периода.";"";"";"Слоисто-кучевых, слоистых, кучевых или кучево-дождевых облаков нет.";"100%.";"2500 или более, или облаков нет.";"Высококучевые, просвечивающие или плотные в двух или более слоях или высококучевые плотные в одном слое, не распространяющиеся но небу, либо высококучевые с высокослоистыми или слоисто-дождевыми.";"";"10.0";"-13.2";"";"";"";"";"";"";
"25.02.2026 19:00";"-8.5";"756.7";"772.5";"0.6";"63";"Ветер, дующий с юга";"1";"2";"5";"100%.";" ";"";"";"";"-7.3";"Слоисто-кучевые, образовавшиеся не из кучевых.";"40%.";"600-1000";"Высококучевые, просвечивающие или плотные в двух или более слоях или высококучевые плотные в одном слое, не распространяющиеся но небу, либо высококучевые с высокослоистыми или слоисто-дождевыми.";"";"10.0";"-14.3";"Осадков нет";"12";"";"";"";"";
"25.02.2026 16:00";"-7.6";"756.1";"771.9";"-0.1";"57";"Ветер, дующий с юга";"2";"4";"6";"100%.";" ";"";"";"";"";"Слоисто-кучевых, слоистых, кучевых или кучево-дождевых облаков нет.";"100%.";"2500 или более, или облаков нет.";"Высококучевые, просвечивающие или плотные в двух или более слоях или высококучевые плотные в одном слое, не распространяющиеся но небу, либо высококучевые с высокослоистыми или слоисто-дождевыми.";"";"10.0";"-14.8";"";"";"";"";"";"";
"25.02.2026 13:00";"-8.4";"756.2";"772.0";"-0.1";"59";"Ветер, дующий с юго-юго-востока";"4";"5";"5";"100%.";" ";"";"";"";"";"Слоисто-кучевых, слоистых, кучевых или кучево-дождевых облаков нет.";"70 – 80%.";"2500 или более, или облаков нет.";"Высококучевые просвечивающие, расположенные на одном уровне.";"Перистые (часто в виде полос) и перисто-слоистые, распространяющиеся по небу и в целом обычно уплотняющиеся, но сплошная пелена поднимается над горизонтом менее чем на 45°.";"10.0";"-15.0";"";"";"";"";"";"";
"25.02.2026 10:00";"-11.5";"756.3";"772.3";"0.2";"67";"Ветер, дующий с юго-востока";"3";"4";"5";"100%.";" ";"";"";"";"";"Слоисто-кучевых, слоистых, кучевых или кучево-дождевых облаков нет.";"100%.";"2500 или более, или облаков нет.";"Высококучевые, просвечивающие или плотные в двух или более слоях или высококучевые плотные в одном слое, не распространяющиеся но небу, либо высококучевые с высокослоистыми или слоисто-дождевыми.";"";"10.0";"-16.5";"";"";"";"";"";"";
"25.02.2026 07:00";"-13.2";"756.1";"772.3";"0.0";"73";"Ветер, дующий с востоко-юго-востока";"3";"4";"5";"100%.";" ";"";"";"-13.3";"";"Слоисто-кучевых, слоистых, кучевых или кучево-дождевых облаков нет.";"100%.";"2500 или более, или облаков нет.";"Высококучевые просвечивающие, полосами, либо один или несколько слоев высококучевых просвечивающих, распространяющихся по небу; эти высококучевые в целом уплотняются.";"";"10.0";"-17.1";"Осадков нет";"12";"";"";"Неровный слой сухого рассыпчатого снега покрывает поверхность почвы полностью.";"86.0";
"25.02.2026 04:00";"-12.4";"756.1";"772.2";"-0.4";"72";"Ветер, дующий с юго-востока";"3";"4";"5";"100%.";" ";"";"";"";"";"Слоисто-кучевых, слоистых, кучевых или кучево-дождевых облаков нет.";"100%.";"2500 или более, или облаков нет.";"Высококучевые просвечивающие, полосами, либо один или несколько слоев высококучевых просвечивающих, распространяющихся по небу; эти высококучевые в целом уплотняются.";"";"10.0";"-16.4";"";"";"";"";"";"";
"25.02.2026 01:00";"-12.3";"756.5";"772.6";"0.2";"72";"Ветер, дующий с юго-востока";"3";"4";"5";"100%.";" ";"";"";"";"";"Слоисто-кучевых, слоистых, кучевых или кучево-дождевых облаков нет.";"100%.";"2500 или более, или облаков нет.";"Высококучевые просвечивающие, полосами, либо один или несколько слоев высококучевых просвечивающих, распространяющихся по небу; эти высококучевые в целом уплотняются.";"";"10.0";"-16.3";"";"";"";"";"";"";
"24.02.2026 22:00";"-10.3";"756.3";"772.3";"0.2";"65";"Ветер, дующий с юга";"3";"4";"6";"40%.";" ";"";"";"";"";"Слоисто-кучевых, слоистых, кучевых или кучево-дождевых облаков нет.";"40%.";"2500 или более, или облаков нет.";"Высококучевые просвечивающие, расположенные на одном уровне.";"Перистых, перисто-кучевых или перисто-слоистых нет.";"10.0";"-15.7";"";"";"";"";"";"";
"24.02.2026 19:00";"-11.4";"756.1";"772.1";"0.7";"70";"Ветер, дующий с юго-юго-востока";"4";"5";"";"20–30%.";" ";"";"";"";"-6.1";"Слоисто-кучевых, слоистых, кучевых или кучево-дождевых облаков нет.";"20–30%.";"2500 или более, или облаков нет.";"Высококучевые просвечивающие, расположенные на одном уровне.";"Перистых, перисто-кучевых или перисто-слоистых нет.";"10.0";"-15.9";"Осадков нет";"12";"";"";"";"";
"24.02.2026 16:00";"-8.9";"755.4";"771.2";"0.6";"64";"Ветер, дующий с юго-юго-востока";"6";"7";"";"40%.";" ";"";"";"";"";"Слоисто-кучевых, слоистых, кучевых или кучево-дождевых облаков нет.";"40%.";"2500 или более, или облаков нет.";"Высококучевые просвечивающие, расположенные на одном уровне.";"Перистых, перисто-кучевых или перисто-слоистых нет.";"10.0";"-14.5";"";"";"";"";"";"";
"24.02.2026 13:00";"-7.4";"754.8";"770.5";"0.6";"54";"Ветер, дующий с юга";"4";"6";"8";"70 – 80%.";" ";"";"";"";"";"Слоисто-кучевых, слоистых, кучевых или кучево-дождевых облаков нет.";"70 – 80%.";"2500 или более, или облаков нет.";"Высококучевые просвечивающие, расположенные на одном уровне.";"Перистых, перисто-кучевых или перисто-слоистых нет.";"10.0";"-15.1";"";"";"";"";"";"";
"24.02.2026 10:00";"-9.5";"754.2";"770.0";"1.2";"61";"Ветер, дующий с юго-юго-запада";"3";"6";"7";"70 – 80%.";" ";"";"";"-10.2";"";"Слоисто-кучевых, слоистых, кучевых или кучево-дождевых облаков нет.";"70 – 80%.";"2500 или более, или облаков нет.";"Высококучевые просвечивающие, расположенные на одном уровне.";"Перистых, перисто-кучевых или перисто-слоистых нет.";"10.0";"-15.7";"";"";"";"";"";"";
"24.02.2026 07:00";"-9.9";"753.0";"768.9";"0.8";"65";"Ветер, дующий с юго-юго-запада";"2";"5";"6";"70 – 80%.";" ";"";"";"-9.9";"";"Слоисто-кучевые, образовавшиеся не из кучевых.";"20–30%.";"600-1000";"Высококучевые, просвечивающие или плотные в двух или более слоях или высококучевые плотные в одном слое, не распространяющиеся но небу, либо высококучевые с высокослоистыми или слоисто-дождевыми.";"Перистых, перисто-кучевых или перисто-слоистых нет.";"10.0";"-15.3";"Осадков нет";"12";"";"";"Ровный слой сухого рассыпчатого снега покрывает поверхность почвы полностью.";"85.0";
"24.02.2026 04:00";"-8.6";"752.2";"768.0";"0.9";"61";"Ветер, дующий с юго-запада";"2";"7";"8";"100%.";" ";"";"";"";"";"Слоисто-кучевые, образовавшиеся не из кучевых.";"100%.";"600-1000";"";"";"10.0";"-14.8";"";"";"";"";"";"";
"24.02.2026 01:00";"-7.6";"751.3";"767.0";"0.7";"64";"Ветер, дующий с юго-юго-запада";"3";"8";"8";"70 – 80%.";" ";"";"";"";"";"Слоисто-кучевые, образовавшиеся не из кучевых.";"40%.";"600-1000";"Высококучевые, просвечивающие или плотные в двух или более слоях или высококучевые плотные в одном слое, не распространяющиеся но небу, либо высококучевые с высокослоистыми или слоисто-дождевыми.";"Перистых, перисто-кучевых или перисто-слоистых нет.";"10.0";"-13.3";"";"";"";"";"";"";
"23.02.2026 22:00";"-6.6";"750.6";"766.2";"0.8";"67";"Ветер, дующий с юго-юго-запада";"3";"6";"8";"90  или более, но не 100%";"Состояние неба в общем не изменилось. ";"Снег и/или другие виды твердых осадков";"Облака покрывали более половины неба в течение всего соответствующего периода.";"";"";"Слоисто-кучевые, образовавшиеся не из кучевых.";"20–30%.";"600-1000";"Высококучевые, просвечивающие или плотные в двух или более слоях или высококучевые плотные в одном слое, не распространяющиеся но небу, либо высококучевые с высокослоистыми или слоисто-дождевыми.";"Перистых, перисто-кучевых или перисто-слоистых нет.";"10.0";"-11.8";"";"";"";"";"";"";
"23.02.2026 19:00";"-6.5";"749.8";"765.4";"0.6";"71";"Ветер, дующий с юго-юго-запада";"3";"6";"8";"70 – 80%.";"Состояние неба в общем не изменилось. ";"Снег и/или другие виды твердых осадков";"Облака покрывали более половины неба в течение всего соответствующего периода.";"";"-6.5";"Слоисто-кучевые, образовавшиеся не из кучевых.";"20–30%.";"600-1000";"Высококучевые просвечивающие, расположенные на одном уровне.";"Перистых, перисто-кучевых или перисто-слоистых нет.";"10.0";"-10.9";"1.0";"12";"";"";"";"";
"23.02.2026 16:00";"-6.8";"749.2";"764.8";"0.4";"83";"Ветер, дующий с юго-юго-запада";"3";"7";"9";"100%.";"Снег непрерывный умеренный в срок наблюдения. ";"Снег и/или другие виды твердых осадков";"Метель";"";"";"Слоисто-кучевых, слоистых, кучевых или кучево-дождевых облаков нет.";"100%.";"600-1000";"Высокослоистые непросвечивающие или слоисто-дождевые.";"";"2.0";"-9.2";"";"";"";"";"";"";
"23.02.2026 13:00";"-7.9";"748.8";"764.5";"0.4";"70";"Ветер, дующий с юга";"3";"7";"";"100%.";"Состояние неба в общем не изменилось. ";"Метель";"Облака покрывали более половины неба в течение всего соответствующего периода.";"";"";"Слоисто-кучевые, образовавшиеся не из кучевых.";"100%.";"600-1000";"";"";"10.0";"-12.4";"";"";"";"";"";"";
"23.02.2026 10:00";"-11.2";"748.4";"764.3";"-0.2";"76";"Ветер, дующий с юга";"6";"";"11";"100%.";"Слабый или умеренный поземок в целом низкий (ниже уровня глаз наблюдателя). ";"Метель";"Облака покрывали более половины неба в течение всего соответствующего периода.";"";"";"Слоисто-кучевых, слоистых, кучевых или кучево-дождевых облаков нет.";"100%.";"2500 или более, или облаков нет.";"Высококучевые, просвечивающие или плотные в двух или более слоях или высококучевые плотные в одном слое, не распространяющиеся но небу, либо высококучевые с высокослоистыми или слоисто-дождевыми.";"";"10.0";"-14.7";"";"";"";"";"";"";
"23.02.2026 07:00";"-13.2";"748.6";"764.6";"-1.7";"79";"Ветер, дующий с юго-юго-востока";"7";"9";"10";"100%.";" ";"";"";"-17.8";"";"Слоисто-кучевых, слоистых, кучевых или кучево-дождевых облаков нет.";"100%.";"2500 или более, или облаков нет.";"Высококучевые, просвечивающие или плотные в двух или более слоях или высококучевые плотные в одном слое, не распространяющиеся но небу, либо высококучевые с высокослоистыми или слоисто-дождевыми.";"";"10.0";"-16.1";"Осадков нет";"12";"";"";"Ровный слой сухого рассыпчатого снега покрывает поверхность почвы полностью.";"84.0";
"23.02.2026 04:00";"-13.9";"750.3";"766.3";"-1.3";"81";"Ветер, дующий с юго-юго-востока";"6";"";"7";"100%.";" ";"";"";"";"";"Слоисто-кучевых, слоистых, кучевых или кучево-дождевых облаков нет.";"100%.";"2500 или более, или облаков нет.";"Высококучевые, просвечивающие или плотные в двух или более слоях или высококучевые плотные в одном слое, не распространяющиеся но небу, либо высококучевые с высокослоистыми или слоисто-дождевыми.";"";"10.0";"-16.5";"";"";"";"";"";"";
"23.02.2026 01:00";"-15.5";"751.6";"767.8";"-0.6";"84";"Ветер, дующий с юго-юго-востока";"4";"5";"5";"100%.";" ";"";"";"";"";"Слоисто-кучевых, слоистых, кучевых или кучево-дождевых облаков нет.";"Облаков нет.";"2500 или более, или облаков нет.";"Высококучевых, высокослоистых или слоисто-дождевых облаков нет.";"Перистые (часто в виде полос) и перисто-слоистые, распространяющиеся по небу и в целом обычно уплотняющиеся, но сплошная пелена поднимается над горизонтом менее чем на 45°.";"10.0";"-17.6";"";"";"";"";"";"";
"22.02.2026 22:00";"-16.7";"752.2";"768.6";"0.1";"82";"Ветер, дующий с юго-юго-востока";"1";"2";"3";"100%.";" ";"";"";"";"";"Слоисто-кучевых, слоистых, кучевых или кучево-дождевых облаков нет.";"100%.";"2500 или более, или облаков нет.";"Высокослоистые просвечивающие.";"";"10.0";"-19.1";"";"";"";"";"";"";
"22.02.2026 19:00";"-16.7";"752.1";"768.4";"0.4";"85";"Ветер, дующий с юго-юго-востока";"1";"2";"3";"70 – 80%.";" ";"";"";"";"-10.4";"Слоисто-кучевых, слоистых, кучевых или кучево-дождевых облаков нет.";"20–30%.";"2500 или более, или облаков нет.";"Высококучевые просвечивающие, расположенные на одном уровне.";"Перистые нитевидные, иногда когтевидные, не распространяющиеся по небу.";"10.0";"-18.7";"Следы осадков";"12";"";"";"";"";
"22.02.2026 16:00";"-12.0";"751.7";"767.7";"0.5";"72";"Ветер, дующий с юга";"1";"2";"3";"40%.";"Состояние неба в общем не изменилось. ";"Снег и/или другие виды твердых осадков";"Облака покрывали половину неба или менее в течение всего соответствующего периода.";"";"";"Слоисто-кучевых, слоистых, кучевых или кучево-дождевых облаков нет.";"Облаков нет.";"2500 или более, или облаков нет.";"Высококучевых, высокослоистых или слоисто-дождевых облаков нет.";"Перистые (часто в виде полос) и перисто-слоистые, распространяющиеся по небу и в целом обычно уплотняющиеся, но сплошная пелена поднимается над горизонтом менее чем на 45°.";"10.0";"-16.0";"";"";"";"";"";"";
"22.02.2026 13:00";"-11.9";"751.2";"767.2";"0.7";"83";"Ветер, дующий с северо-запада";"1";"2";"2";"20–30%.";"Облака в целом рассеиваются или становятся менее развитыми. ";"Снег и/или другие виды твердых осадков";"Облака покрывали более половины неба в течение одной части соответствующего периода и половину или менее в течение другой части периода.";"";"";"Слоисто-кучевых, слоистых, кучевых или кучево-дождевых облаков нет.";"Облаков нет.";"2500 или более, или облаков нет.";"Высококучевых, высокослоистых или слоисто-дождевых облаков нет.";"Перистые (часто в виде полос) и перисто-слоистые, распространяющиеся по небу и в целом обычно уплотняющиеся, но сплошная пелена поднимается над горизонтом менее чем на 45°.";"10.0";"-14.3";"";"";"";"";"";"";
"22.02.2026 10:00";"-16.7";"750.5";"766.8";"1.6";"82";"Ветер, дующий с западо-северо-запада";"1";"1";"2";"100%.";"Снег непрерывный слабый в срок наблюдения. ";"Снег и/или другие виды твердых осадков";"Облака покрывали более половины неба в течение всего соответствующего периода.";"";"";"Слоисто-кучевых, слоистых, кучевых или кучево-дождевых облаков нет.";"100%.";"2500 или более, или облаков нет.";"Высококучевые, просвечивающие или плотные в двух или более слоях или высококучевые плотные в одном слое, не распространяющиеся но небу, либо высококучевые с высокослоистыми или слоисто-дождевыми.";"";"4.0";"-19.1";"";"";"";"";"";"";
"22.02.2026 07:00";"-19.7";"748.9";"765.4";"0.9";"81";"Штиль, безветрие";"0";"";"";"100%.";" ";"";"";"-20.4";"";"Слоисто-кучевых, слоистых, кучевых или кучево-дождевых облаков нет.";"100%.";"2500 или более, или облаков нет.";"Высококучевые, просвечивающие или плотные в двух или более слоях или высококучевые плотные в одном слое, не распространяющиеся но небу, либо высококучевые с высокослоистыми или слоисто-дождевыми.";"";"10.0";"-22.2";"Следы осадков";"12";"";"";"Неровный слой сухого рассыпчатого снега покрывает поверхность почвы полностью.";"84.0";
"22.02.2026 04:00";"-16.3";"748.0";"764.1";"1.0";"83";"Штиль, безветрие";"0";"";"";"100%.";"Дымка. ";"Облака покрывали более половины неба в течение всего соответствующего периода.";"Облака покрывали более половины неба в течение всего соответствующего периода.";"";"";"Слоисто-кучевых, слоистых, кучевых или кучево-дождевых облаков нет.";"Облаков нет.";"2500 или более, или облаков нет.";"Высококучевых, высокослоистых или слоисто-дождевых облаков нет.";"Перисто-слоистые, покрывающие все небо.";"4.0";"-18.6";"";"";"";"";"";"";
"22.02.2026 01:00";"-14.9";"747.0";"763.0";"0.6";"83";"Штиль, безветрие";"0";"";"";"100%.";" ";"";"";"";"";"Слоисто-кучевых, слоистых, кучевых или кучево-дождевых облаков нет.";"Облаков нет.";"2500 или более, или облаков нет.";"Высококучевых, высокослоистых или слоисто-дождевых облаков нет.";"Перисто-кучевые одни или перисто-кучевые, сопровождаемые перистыми или перисто-слоистыми, либо те и другие, но перисто-кучевые преобладают среди них.";"10.0";"-17.1";"";"";"";"";"";"";
"21.02.2026 22:00";"-12.2";"746.4";"762.3";"0.5";"86";"Штиль, безветрие";"0";"";"";"100%.";"Состояние неба в общем не изменилось. ";"Снег и/или другие виды твердых осадков";"Облака покрывали более половины неба в течение всего соответствующего периода.";"";"";"Слоисто-кучевых, слоистых, кучевых или кучево-дождевых облаков нет.";"40%.";"2500 или более, или облаков нет.";"Высококучевые просвечивающие, расположенные на одном уровне.";"Перисто-кучевые одни или перисто-кучевые, сопровождаемые перистыми или перисто-слоистыми, либо те и другие, но перисто-кучевые преобладают среди них.";"10.0";"-14.1";"";"";"";"";"";"";
"21.02.2026 19:00";"-11.4";"745.9";"761.7";"0.4";"85";"Ветер, дующий с юго-востока";"2";"2";"4";"100%.";"Снег с перерывами слабый в срок наблюдения. ";"Снег и/или другие виды твердых осадков";"Облака покрывали более половины неба в течение всего соответствующего периода.";"";"-7.0";"Слоисто-кучевые, образовавшиеся не из кучевых.";"70 – 80%.";"600-1000";"Высококучевые, просвечивающие или плотные в двух или более слоях или высококучевые плотные в одном слое, не распространяющиеся но небу, либо высококучевые с высокослоистыми или слоисто-дождевыми.";"";"4.0";"-13.5";"0.6";"12";"";"";"";"";
"21.02.2026 16:00";"-8.5";"745.5";"761.1";"0.5";"79";"Ветер, дующий с юга";"2";"3";"6";"100%.";"Снег непрерывный слабый в срок наблюдения. ";"Снег и/или другие виды твердых осадков";"Облака покрывали более половины неба в течение всего соответствующего периода.";"";"";"Слоисто-кучевые, образовавшиеся не из кучевых.";"100%.";"600-1000";"";"";"4.0";"-11.6";"";"";"";"";"";"";
"21.02.2026 13:00";"-8.0";"745.0";"760.5";"0.6";"74";"Ветер, дующий с юга";"3";"5";"6";"100%.";"Снег непрерывный слабый в срок наблюдения. ";"Снег и/или другие виды твердых осадков";"Облака покрывали более половины неба в течение всего соответствующего периода.";"";"";"Слоисто-кучевые, образовавшиеся не из кучевых.";"60%.";"600-1000";"Высококучевые, просвечивающие или плотные в двух или более слоях или высококучевые плотные в одном слое, не распространяющиеся но небу, либо высококучевые с высокослоистыми или слоисто-дождевыми.";"";"4.0";"-11.9";"";"";"";"";"";"";
"21.02.2026 10:00";"-8.4";"744.4";"759.9";"1.2";"80";"Ветер, дующий с юго-юго-запада";"2";"5";"6";"100%.";"Снег непрерывный слабый в срок наблюдения. ";"Снег и/или другие виды твердых осадков";"Облака покрывали более половины неба в течение всего соответствующего периода.";"-10.0";"";"Слоисто-кучевых, слоистых, кучевых или кучево-дождевых облаков нет.";"100%.";"2500 или более, или облаков нет.";"Высококучевые, просвечивающие или плотные в двух или более слоях или высококучевые плотные в одном слое, не распространяющиеся но небу, либо высококучевые с высокослоистыми или слоисто-дождевыми.";"";"4.0";"-11.2";"";"";"";"";"";"";
"21.02.2026 07:00";"-9.3";"743.2";"758.8";"0.5";"84";"Ветер, дующий с юга";"3";"5";"6";"100%.";"Снег непрерывный слабый в срок наблюдения. ";"Снег и/или другие виды твердых осадков";"Облака покрывали более половины неба в течение всего соответствующего периода.";"-9.3";"";"Слоисто-кучевых, слоистых, кучевых или кучево-дождевых облаков нет.";"100%.";"600-1000";"Высокослоистые непросвечивающие или слоисто-дождевые.";"";"4.0";"-11.5";"2.0";"12";"";"";"Неровный слой сухого рассыпчатого снега покрывает поверхность почвы полностью.";"84.0";
"21.02.2026 04:00";"-7.7";"742.7";"758.2";"0.4";"84";"Ветер, дующий с юга";"3";"7";"10";"100%.";"Снег с перерывами слабый в срок наблюдения. ";"Снег и/или другие виды твердых осадков";"Метель";"";"";"Слоисто-кучевых, слоистых, кучевых или кучево-дождевых облаков нет.";"100%.";"600-1000";"Высокослоистые непросвечивающие или слоисто-дождевые.";"";"4.0";"-9.9";"";"";"";"";"";"";
"21.02.2026 01:00";"-7.0";"742.3";"757.7";"-1.4";"88";"Ветер, дующий с юго-востока";"8";"10";"11";"100%.";"Снег непрерывный умеренный в срок наблюдения. ";"Снег и/или другие виды твердых осадков";"Метель";"";"";"Слоисто-кучевых, слоистых, кучевых или кучево-дождевых облаков нет.";"100%.";"600-1000";"Высокослоистые непросвечивающие или слоисто-дождевые.";"";"2.0";"-8.7";"";"";"";"";"";"";
"20.02.2026 22:00";"-6.8";"743.7";"759.1";"-1.9";"77";"Ветер, дующий с востоко-юго-востока";"8";"11";"13";"100%.";"Снег непрерывный слабый в срок наблюдения. ";"Снег и/или другие виды твердых осадков";"Метель";"";"";"Слоисто-кучевых, слоистых, кучевых или кучево-дождевых облаков нет.";"100%.";"600-1000";"Высокослоистые непросвечивающие или слоисто-дождевые.";"";"4.0";"-10.2";"";"";"";"";"";"";
"20.02.2026 19:00";"-6.7";"745.6";"761.2";"-2.4";"77";"Ветер, дующий с востоко-юго-востока";"9";"13";"14";"100%.";"Снег непрерывный слабый в срок наблюдения. ";"Снег и/или другие виды твердых осадков";"Метель";"";"-6.4";"Слоисто-кучевых, слоистых, кучевых или кучево-дождевых облаков нет.";"100%.";"600-1000";"Высокослоистые непросвечивающие или слоисто-дождевые.";"";"4.0";"-10.1";"0.4";"12";"";"";"";"";
"20.02.2026 16:00";"-6.9";"748.0";"763.6";"-2.1";"84";"Ветер, дующий с востоко-юго-востока";"8";"11";"13";"100%.";"Снег с перерывами умеренный в срок наблюдения. ";"Снег и/или другие виды твердых осадков";"Метель";"";"";"Слоисто-кучевых, слоистых, кучевых или кучево-дождевых облаков нет.";"100%.";"600-1000";"Высокослоистые непросвечивающие или слоисто-дождевые.";"";"2.0";"-9.2";"";"";"";"";"";"";
"20.02.2026 13:00";"-8.6";"750.1";"765.9";"-2.4";"60";"Ветер, дующий с востока";"10";"12";"13";"100%.";" ";"";"";"";"";"Слоисто-кучевых, слоистых, кучевых или кучево-дождевых облаков нет.";"100%.";"2500 или более, или облаков нет.";"Высококучевые, просвечивающие или плотные в двух или более слоях или высококучевые плотные в одном слое, не распространяющиеся но небу, либо высококучевые с высокослоистыми или слоисто-дождевыми.";"";"10.0";"-15.0";"";"";"";"";"";"";
"20.02.2026 10:00";"-14.2";"752.5";"768.6";"-1.2";"71";"Ветер, дующий с востока";"4";"6";"8";"70 – 80%.";" ";"";"";"";"";"Слоисто-кучевых, слоистых, кучевых или кучево-дождевых облаков нет.";"20–30%.";"2500 или более, или облаков нет.";"Клочья (часто чечевицеобразные) высококучевых просвечивающих, непрерывно изменяющихся; расположены на одном или более уровнях.";"Перистые (часто в виде полос) и перисто-слоистые, распространяющиеся по небу и в целом обычно уплотняющиеся, но сплошная пелена поднимается над горизонтом менее чем на 45°.";"10.0";"-18.4";"";"";"";"";"";"";
"20.02.2026 07:00";"-17.2";"753.7";"770.0";"-1.3";"80";"Ветер, дующий с востока";"4";"";"8";"20–30%.";" ";"";"";"-19.2";"";"Слоисто-кучевых, слоистых, кучевых или кучево-дождевых облаков нет.";"Облаков нет.";"2500 или более, или облаков нет.";"Высококучевых, высокослоистых или слоисто-дождевых облаков нет.";"Перистые нитевидные, иногда когтевидные, не распространяющиеся по небу.";"10.0";"-19.8";"Осадков нет";"12";"";"";"Ровный слой сухого рассыпчатого снега покрывает поверхность почвы полностью.";"85.0";
"20.02.2026 04:00";"-16.0";"755.0";"771.3";"-2.0";"82";"Ветер, дующий с востока";"5";"7";"8";"Облаков нет.";" ";"";"";"";"";"";"";"";"";"";"10.0";"-18.4";"";"";"";"";"";"";
"20.02.2026 01:00";"-18.3";"757.0";"773.5";"-0.5";"80";"Ветер, дующий с востока";"2";"3";"4";"Облаков нет.";" ";"";"";"";"";"";"";"";"";"";"10.0";"-20.9";"";"";"";"";"";"";
"19.02.2026 22:00";"-17.4";"757.5";"773.9";"-0.2";"82";"Ветер, дующий с востока";"4";"4";"";"Облаков нет.";" ";"";"";"";"";"";"";"";"";"";"10.0";"-19.8";"";"";"";"";"";"";
"19.02.2026 19:00";"-15.5";"757.7";"774.0";"0.1";"86";"Ветер, дующий с востока";"2";"2";"3";"40%.";" ";"";"";"";"-11.6";"Слоисто-кучевых, слоистых, кучевых или кучево-дождевых облаков нет.";"Облаков нет.";"2500 или более, или облаков нет.";"Высококучевых, высокослоистых или слоисто-дождевых облаков нет.";"Перистые нитевидные, иногда когтевидные, не распространяющиеся по небу.";"10.0";"-17.4";"Осадков нет";"12";"";"";"";"";
"19.02.2026 16:00";"-12.0";"757.6";"773.8";"0.2";"75";"Ветер, дующий с востоко-юго-востока";"1";"1";"3";"20–30%.";" ";"";"";"";"";"Слоисто-кучевых, слоистых, кучевых или кучево-дождевых облаков нет.";"Облаков нет.";"2500 или более, или облаков нет.";"Высококучевых, высокослоистых или слоисто-дождевых облаков нет.";"Перистые нитевидные, иногда когтевидные, не распространяющиеся по небу.";"10.0";"-15.5";"";"";"";"";"";"";
"19.02.2026 13:00";"-11.9";"757.4";"773.5";"0.7";"70";"Ветер, дующий с юго-востока";"1";"1";"1";"10%  или менее, но не 0";" ";"";"";"";"";"Слоисто-кучевых, слоистых, кучевых или кучево-дождевых облаков нет.";"Облаков нет.";"2500 или более, или облаков нет.";"Высококучевых, высокослоистых или слоисто-дождевых облаков нет.";"Перистые нитевидные, иногда когтевидные, не распространяющиеся по небу.";"10.0";"-16.3";"";"";"";"";"";"";
"19.02.2026 10:00";"-19.1";"756.7";"773.2";"1.0";"79";"Штиль, безветрие";"0";"";"";"Облаков нет.";" ";"";"";"-22.2";"";"";"";"";"";"";"10.0";"-21.8";"";"";"";"";"";"";
"19.02.2026 07:00";"-21.4";"755.7";"772.3";"0.9";"80";"Штиль, безветрие";"0";"";"";"10%  или менее, но не 0";" ";"";"";"-22.0";"";"Слоисто-кучевых, слоистых, кучевых или кучево-дождевых облаков нет.";"Облаков нет.";"2500 или более, или облаков нет.";"Высококучевых, высокослоистых или слоисто-дождевых облаков нет.";"Перистые нитевидные, иногда когтевидные, не распространяющиеся по небу.";"10.0";"-24.0";"Осадков нет";"12";"";"";"Ровный слой сухого рассыпчатого снега покрывает поверхность почвы полностью.";"85.0";
"19.02.2026 04:00";"-18.1";"754.8";"771.2";"0.8";"83";"Штиль, безветрие";"0";"";"";"Облаков нет.";" ";"";"";"";"";"";"";"";"";"";"10.0";"-20.3";"";"";"";"";"";"";
"19.02.2026 01:00";"-16.5";"754.0";"770.3";"1.0";"85";"Ветер, дующий с западо-юго-запада";"1";"3";"4";"Облаков нет.";" ";"";"";"";"";"";"";"";"";"";"10.0";"-18.5";"";"";"";"";"";"";
"18.02.2026 22:00";"-15.1";"753.0";"769.2";"0.7";"86";"Ветер, дующий с западо-юго-запада";"1";"3";"3";"Облаков нет.";" ";"";"";"";"";"";"";"";"";"";"10.0";"-17.0";"";"";"";"";"";"";
"18.02.2026 19:00";"-13.1";"752.3";"768.4";"1.1";"80";"Ветер, дующий с юго-запада";"1";"2";"3";"Облаков нет.";" ";"";"";"";"-8.8";"";"";"";"";"";"10.0";"-15.8";"Осадков нет";"12";"";"";"";"";
"18.02.2026 16:00";"-9.3";"751.2";"766.9";"0.7";"66";"Ветер, дующий с западо-северо-запада";"1";"3";"4";"10%  или менее, но не 0";" ";"";"";"";"";"Слоисто-кучевых, слоистых, кучевых или кучево-дождевых облаков нет.";"Облаков нет.";"2500 или более, или облаков нет.";"Высококучевых, высокослоистых или слоисто-дождевых облаков нет.";"Перистые нитевидные, иногда когтевидные, не распространяющиеся по небу.";"10.0";"-14.6";"";"";"";"";"";"";
"18.02.2026 13:00";"-11.6";"750.5";"766.4";"1.4";"67";"Ветер, дующий с западо-северо-запада";"1";"3";"4";"Облаков нет.";" ";"";"";"";"";"";"";"";"";"";"10.0";"-16.5";"";"";"";"";"";"";
"18.02.2026 10:00";"-15.4";"749.1";"765.2";"2.3";"76";"Ветер, дующий с северо-запада";"2";"4";"8";"Облаков нет.";" ";"";"";"-17.2";"";"";"";"";"";"";"10.0";"-18.7";"";"";"";"";"";"";
"18.02.2026 07:00";"-16.5";"746.8";"762.9";"2.6";"82";"Ветер, дующий с западо-северо-запада";"3";"4";"8";"40%.";" ";"";"";"-16.5";"";"Слоисто-кучевых, слоистых, кучевых или кучево-дождевых облаков нет.";"40%.";"2500 или более, или облаков нет.";"Высококучевые просвечивающие, расположенные на одном уровне.";"Перистых, перисто-кучевых или перисто-слоистых нет.";"10.0";"-18.9";"0.6";"12";"";"";"Ровный слой сухого рассыпчатого снега покрывает поверхность почвы полностью.";"85.0";
"18.02.2026 04:00";"-14.8";"744.2";"760.2";"2.8";"81";"Ветер, дующий с западо-северо-запада";"3";"6";"8";"Облаков нет.";"Состояние неба в общем не изменилось. ";"Снег и/или другие виды твердых осадков";"Облака покрывали более половины неба в течение одной части соответствующего периода и половину или менее в течение другой части периода.";"";"";"";"";"";"";"";"10.0";"-17.4";"";"";"";"";"";"";
"18.02.2026 01:00";"-12.1";"741.4";"757.2";"3.4";"76";"Ветер, дующий с западо-северо-запада";"3";"5";"8";"Облаков нет.";"Облака в целом рассеиваются или становятся менее развитыми. ";"Снег и/или другие виды твердых осадков";"Облака покрывали более половины неба в течение одной части соответствующего периода и половину или менее в течение другой части периода.";"";"";"";"";"";"";"";"10.0";"-15.5";"";"";"";"";"";"";
"17.02.2026 22:00";"-9.6";"738.0";"753.5";"3.2";"86";"Ветер, дующий с северо-запада";"3";"5";"7";"100%.";"Снег непрерывный слабый в срок наблюдения. ";"Снег и/или другие виды твердых осадков";"Метель";"";"";"Слоисто-кучевых, слоистых, кучевых или кучево-дождевых облаков нет.";"100%.";"600-1000";"Высокослоистые непросвечивающие или слоисто-дождевые.";"";"4.0";"-11.5";"";"";"";"";"";"";
"17.02.2026 19:00";"-9.0";"734.8";"750.2";"3.8";"77";"Ветер, дующий с северо-запада";"4";"7";"8";"100%.";"Состояние неба в общем не изменилось. ";"Снег и/или другие виды твердых осадков";"Метель";"";"0.8";"Слоисто-кучевых, слоистых, кучевых или кучево-дождевых облаков нет.";"100%.";"2500 или более, или облаков нет.";"Высококучевые, просвечивающие или плотные в двух или более слоях или высококучевые плотные в одном слое, не распространяющиеся но небу, либо высококучевые с высокослоистыми или слоисто-дождевыми.";"";"10.0";"-12.3";"2.0";"12";"";"";"";"";
"17.02.2026 16:00";"-4.5";"731.0";"746.1";"3.3";"79";"Ветер, дующий с запада";"4";"7";"9";"100%.";"Снег непрерывный слабый в срок наблюдения. ";"Снег и/или другие виды твердых осадков";"Метель";"";"";"Слоисто-кучевые, образовавшиеся не из кучевых.";"100%.";"600-1000";"";"";"4.0";"-7.6";"";"";"";"";"";"";
"17.02.2026 13:00";"-0.3";"727.7";"742.1";"1.0";"90";"Ветер, дующий с запада";"3";"9";"9";"100%.";"Снег с перерывами сильный в срок наблюдения. ";"Снег и/или другие виды твердых осадков";"Облака покрывали более половины неба в течение всего соответствующего периода.";"";"";"Слоисто-кучевых, слоистых, кучевых или кучево-дождевых облаков нет.";"100%.";"600-1000";"Высокослоистые непросвечивающие или слоисто-дождевые.";"";"1.0";"-1.7";"";"";"";"";"";"";
"17.02.2026 10:00";"0.7";"726.7";"741.4";"-0.3";"94";"Ветер, дующий с юго-юго-запада";"4";"8";"9";"100%.";"Снег с перерывами умеренный в срок наблюдения. ";"Дождь со снегом или другими видами твердых осадков";"Облака покрывали более половины неба в течение всего соответствующего периода.";"";"";"Слоисто-кучевых, слоистых, кучевых или кучево-дождевых облаков нет.";"100%.";"600-1000";"Высокослоистые непросвечивающие или слоисто-дождевые.";"";"2.0";"-0.2";"";"";"";"";"";"";
"17.02.2026 07:00";"-0.1";"727.0";"741.8";"-2.1";"94";"Ветер, дующий с юга";"4";"7";"7";"100%.";"Снег непрерывный слабый в срок наблюдения. ";"Снег и/или другие виды твердых осадков";"Облака покрывали более половины неба в течение всего соответствующего периода.";"-9.0";"";"Слоисто-кучевые, образовавшиеся не из кучевых.";"100%.";"600-1000";"";"";"4.0";"-1.0";"7.0";"12";"";"";"Неровный слой сухого рассыпчатого снега покрывает поверхность почвы полностью.";"84.0";
"17.02.2026 04:00";"-4.9";"729.1";"744.2";"-3.4";"90";"Ветер, дующий с востока";"6";"7";"10";"100%.";"Снег непрерывный слабый в срок наблюдения. ";"Снег и/или другие виды твердых осадков";"Облака покрывали более половины неба в течение всего соответствующего периода.";"";"";"Слоисто-кучевые, образовавшиеся не из кучевых.";"100%.";"600-1000";"";"";"4.0";"-6.3";"";"";"";"";"";"";
"17.02.2026 01:00";"-8.2";"732.5";"747.8";"-4.9";"88";"Ветер, дующий с востока";"6";"8";"10";"100%.";"Снег непрерывный умеренный в срок наблюдения. ";"Снег и/или другие виды твердых осадков";"Облака покрывали более половины неба в течение всего соответствующего периода.";"";"";"Слоисто-кучевые, образовавшиеся не из кучевых.";"100%.";"600-1000";"";"";"2.0";"-9.8";"";"";"";"";"";"";
"16.02.2026 22:00";"-8.9";"737.4";"752.9";"-3.6";"86";"Ветер, дующий с востока";"5";"7";"8";"100%.";"Снег непрерывный слабый в срок наблюдения. ";"Снег и/или другие виды твердых осадков";"Облака покрывали более половины неба в течение всего соответствующего периода.";"";"";"Слоисто-кучевые, образовавшиеся не из кучевых.";"100%.";"600-1000";"";"";"10.0";"-10.9";"";"";"";"";"";"";
"16.02.2026 19:00";"-8.7";"741.0";"756.6";"-0.8";"77";"Ветер, дующий с востока";"1";"2";"3";"100%.";" ";"";"";"";"-3.6";"Слоисто-кучевые, образовавшиеся не из кучевых.";"100%.";"600-1000";"";"";"10.0";"-12.1";"Следы осадков";"12";"";"";"";"";
"16.02.2026 16:00";"-7.8";"741.8";"757.3";"-0.2";"73";"Ветер, дующий с северо-северо-запада";"1";"2";"6";"100%.";"Снег неливневый. ";"Снег и/или другие виды твердых осадков";"Облака покрывали более половины неба в течение всего соответствующего периода.";"";"";"Слоисто-кучевые, образовавшиеся не из кучевых.";"100%.";"600-1000";"";"";"10.0";"-11.8";"";"";"";"";"";"";
"16.02.2026 13:00";"-7.1";"742.0";"757.5";"1.2";"75";"Ветер, дующий с западо-северо-запада";"3";"5";"6";"100%.";" ";"";"";"";"";"Слоисто-кучевые, образовавшиеся не из кучевых.";"100%.";"600-1000";"";"";"10.0";"-10.9";"";"";"";"";"";"";
"16.02.2026 10:00";"-6.0";"740.8";"756.3";"1.6";"83";"Ветер, дующий с западо-северо-запада";"3";"5";"8";"100%.";" ";"";"";"-6.0";"";"Слоисто-кучевые, образовавшиеся не из кучевых.";"100%.";"600-1000";"";"";"10.0";"-8.4";"";"";"";"";"";"";
"16.02.2026 07:00";"-3.7";"739.2";"754.3";"0.8";"90";"Ветер, дующий с запада";"2";"5";"5";"100%.";" ";"";"";"-4.6";"";"Слоисто-кучевые, образовавшиеся не из кучевых.";"100%.";"600-1000";"";"";"10.0";"-5.1";"0.8";"12";"";"";"Неровный слой сухого рассыпчатого снега покрывает поверхность почвы полностью.";"81.0";
"16.02.2026 04:00";"-3.8";"738.4";"753.5";"1.6";"81";"Ветер, дующий с запада";"1";"4";"9";"100%.";" ";"";"";"";"";"Слоисто-кучевые, образовавшиеся не из кучевых.";"100%.";"600-1000";"";"";"10.0";"-6.6";"";"";"";"";"";"";
"16.02.2026 01:00";"-4.4";"736.8";"751.9";"0.8";"87";"Ветер, дующий с западо-юго-запада";"1";"4";"6";"100%.";" ";"";"";"";"";"Слоисто-кучевые, образовавшиеся не из кучевых.";"100%.";"600-1000";"";"";"10.0";"-6.2";"";"";"";"";"";"";
"15.02.2026 22:00";"-4.5";"736.0";"751.1";"-0.2";"87";"Ветер, дующий с юго-запада";"2";"4";"5";"100%.";"Снег неливневый. ";"Снег и/или другие виды твердых осадков";"Метель";"";"";"Слоисто-кучевые, образовавшиеся не из кучевых.";"100%.";"600-1000";"";"";"10.0";"-6.3";"";"";"";"";"";"";
"15.02.2026 19:00";"-4.6";"736.2";"751.3";"-0.7";"87";"Ветер, дующий с юга";"2";"4";"10";"100%.";"Снег непрерывный слабый в срок наблюдения. ";"Снег и/или другие виды твердых осадков";"Метель";"";"-4.6";"Слоисто-кучевых, слоистых, кучевых или кучево-дождевых облаков нет.";"100%.";"600-1000";"Высокослоистые непросвечивающие или слоисто-дождевые.";"";"4.0";"-6.4";"0.6";"12";"";"";"";"";
"15.02.2026 16:00";"-4.8";"736.9";"752.1";"-1.6";"85";"Ветер, дующий с юго-юго-востока";"6";"";"10";"100%.";"Слабый или умеренный поземок в целом низкий (ниже уровня глаз наблюдателя). ";"Метель";"Облака покрывали более половины неба в течение всего соответствующего периода.";"";"";"Слоисто-кучевые, образовавшиеся не из кучевых.";"100%.";"600-1000";"";"";"10.0";"-7.0";"";"";"";"";"";"";
"15.02.2026 13:00";"-5.4";"738.5";"753.8";"-1.8";"83";"Ветер, дующий с юго-юго-востока";"8";"10";"10";"100%.";"Слабый или умеренный поземок в целом низкий (ниже уровня глаз наблюдателя). ";"Метель";"Облака покрывали более половины неба в течение всего соответствующего периода.";"";"";"Слоисто-кучевые, образовавшиеся не из кучевых.";"100%.";"600-1000";"";"";"10.0";"-7.9";"";"";"";"";"";"";
"15.02.2026 10:00";"-6.1";"740.3";"755.8";"-0.5";"83";"Ветер, дующий с юго-юго-востока";"6";"";"9";"100%.";"Слабый или умеренный поземок в целом низкий (ниже уровня глаз наблюдателя). ";"Метель";"Облака покрывали более половины неба в течение всего соответствующего периода.";"-6.7";"";"Слоисто-кучевые, образовавшиеся не из кучевых.";"100%.";"600-1000";"";"";"10.0";"-8.5";"";"";"";"";"";"";
"15.02.2026 07:00";"-6.6";"740.8";"756.3";"-1.2";"81";"Ветер, дующий с юго-юго-востока";"8";"9";"10";"100%.";" ";"";"";"-6.6";"";"Слоисто-кучевых, слоистых, кучевых или кучево-дождевых облаков нет.";"100%.";"2500 или более, или облаков нет.";"Высококучевые просвечивающие, полосами, либо один или несколько слоев высококучевых просвечивающих, распространяющихся по небу; эти высококучевые в целом уплотняются.";"";"10.0";"-9.4";"Следы осадков";"12";"";"";"Неровный слой сухого рассыпчатого снега покрывает поверхность почвы полностью.";"81.0";
"15.02.2026 04:00";"-5.3";"742.0";"757.4";"-0.5";"75";"Ветер, дующий с юга";"4";"6";"";"100%.";"Состояние неба в общем не изменилось. ";"Метель";"Облака покрывали более половины неба в течение всего соответствующего периода.";"";"";"Слоисто-кучевые, образовавшиеся не из кучевых.";"100%.";"600-1000";"";"";"10.0";"-9.1";"";"";"";"";"";"";
"15.02.2026 01:00";"-4.1";"742.5";"757.8";"-0.9";"69";"Ветер, дующий с юга";"6";"8";"";"100%.";"Состояние неба в общем не изменилось. ";"Метель";"Облака покрывали более половины неба в течение всего соответствующего периода.";"";"";"Слоисто-кучевых, слоистых, кучевых или кучево-дождевых облаков нет.";"100%.";"2500 или более, или облаков нет.";"Высококучевые просвечивающие, полосами, либо один или несколько слоев высококучевых просвечивающих, распространяющихся по небу; эти высококучевые в целом уплотняются.";"";"10.0";"-9.0";"";"";"";"";"";"";
"14.02.2026 22:00";"-3.1";"743.4";"758.6";"-0.2";"79";"Ветер, дующий с юга";"4";"7";"10";"100%.";"Слабый или умеренный поземок в целом низкий (ниже уровня глаз наблюдателя). ";"Снег и/или другие виды твердых осадков";"Метель";"";"";"Слоисто-кучевых, слоистых, кучевых или кучево-дождевых облаков нет.";"100%.";"2500 или более, или облаков нет.";"Высококучевые, просвечивающие или плотные в двух или более слоях или высококучевые плотные в одном слое, не распространяющиеся но небу, либо высококучевые с высокослоистыми или слоисто-дождевыми.";"";"10.0";"-6.3";"";"";"";"";"";"";
"14.02.2026 19:00";"-2.5";"743.6";"758.8";"-0.1";"87";"Ветер, дующий с юга";"5";"8";"10";"100%.";"Снег непрерывный слабый в срок наблюдения. ";"Снег и/или другие виды твердых осадков";"Метель";"";"-2.5";"Слоисто-кучевых, слоистых, кучевых или кучево-дождевых облаков нет.";"100%.";"600-1000";"Высокослоистые непросвечивающие или слоисто-дождевые.";"";"4.0";"-4.4";"0.5";"12";"";"";"";"";
"14.02.2026 16:00";"-3.1";"743.7";"758.9";"-0.4";"86";"Ветер, дующий с юга";"5";"8";"";"100%.";"Снег непрерывный слабый в срок наблюдения. ";"Снег и/или другие виды твердых осадков";"Облака покрывали более половины неба в течение всего соответствующего периода.";"";"";"Слоисто-кучевых, слоистых, кучевых или кучево-дождевых облаков нет.";"100%.";"2500 или более, или облаков нет.";"Высокослоистые непросвечивающие или слоисто-дождевые.";"";"4.0";"-5.1";"";"";"";"";"";"";
"14.02.2026 13:00";"-4.6";"744.1";"759.4";"0.0";"84";"Ветер, дующий с юга";"4";"6";"8";"100%.";" ";"";"";"";"";"Слоисто-кучевых, слоистых, кучевых или кучево-дождевых облаков нет.";"100%.";"2500 или более, или облаков нет.";"Высокослоистые непросвечивающие или слоисто-дождевые.";"";"10.0";"-7.0";"";"";"";"";"";"";
"14.02.2026 10:00";"-4.7";"744.1";"759.4";"1.1";"84";"Ветер, дующий с юго-юго-запада";"4";"7";"9";"100%.";"Состояние неба в общем не изменилось. ";"Метель";"Облака покрывали более половины неба в течение всего соответствующего периода.";"-4.7";"";"Слоисто-кучевых, слоистых, кучевых или кучево-дождевых облаков нет.";"100%.";"2500 или более, или облаков нет.";"Высококучевые, просвечивающие или плотные в двух или более слоях или высококучевые плотные в одном слое, не распространяющиеся но небу, либо высококучевые с высокослоистыми или слоисто-дождевыми.";"";"10.0";"-7.0";"";"";"";"";"";"";
"14.02.2026 07:00";"-3.8";"743.0";"758.2";"0.8";"84";"Ветер, дующий с юго-запада";"2";"5";"9";"100%.";"Слабый или умеренный поземок в целом низкий (ниже уровня глаз наблюдателя). ";"Метель";"Облака покрывали более половины неба в течение всего соответствующего периода.";"-4.3";"";"Слоисто-кучевых, слоистых, кучевых или кучево-дождевых облаков нет.";"100%.";"2500 или более, или облаков нет.";"Высококучевые, просвечивающие или плотные в двух или более слоях или высококучевые плотные в одном слое, не распространяющиеся но небу, либо высококучевые с высокослоистыми или слоисто-дождевыми.";"";"10.0";"-6.2";"3.0";"12";"";"";"Неровный слой сухого рассыпчатого снега покрывает поверхность почвы полностью.";"83.0";
"14.02.2026 04:00";"-3.2";"742.2";"757.4";"0.9";"81";"Ветер, дующий с юго-запада";"3";"6";"9";"100%.";"Состояние неба в общем не изменилось. ";"Снег и/или другие виды твердых осадков";"Метель";"";"";"Слоисто-кучевых, слоистых, кучевых или кучево-дождевых облаков нет.";"100%.";"2500 или более, или облаков нет.";"Высококучевые, просвечивающие или плотные в двух или более слоях или высококучевые плотные в одном слое, не распространяющиеся но небу, либо высококучевые с высокослоистыми или слоисто-дождевыми.";"";"10.0";"-6.1";"";"";"";"";"";"";
"14.02.2026 01:00";"-3.3";"741.3";"756.5";"0.6";"88";"Ветер, дующий с юго-юго-запада";"3";"6";"8";"100%.";"Снег непрерывный слабый в срок наблюдения. ";"Снег и/или другие виды твердых осадков";"Метель";"";"";"Слоисто-кучевые, образовавшиеся не из кучевых.";"70 – 80%.";"600-1000";"Высококучевые, просвечивающие или плотные в двух или более слоях или высококучевые плотные в одном слое, не распространяющиеся но небу, либо высококучевые с высокослоистыми или слоисто-дождевыми.";"";"4.0";"-5.0";"";"";"";"";"";"";
"13.02.2026 22:00";"-4.1";"740.7";"756.0";"0.4";"89";"Ветер, дующий с юго-юго-запада";"3";"7";"";"100%.";"Снег непрерывный умеренный в срок наблюдения. ";"Снег и/или другие виды твердых осадков";"Метель";"";"";"Слоисто-кучевых, слоистых, кучевых или кучево-дождевых облаков нет.";"100%.";"600-1000";"Высокослоистые непросвечивающие или слоисто-дождевые.";"";"2.0";"-5.6";"";"";"";"";"";"";
"13.02.2026 19:00";"-4.3";"740.3";"755.6";"-0.6";"87";"Ветер, дующий с юго-юго-запада";"4";"8";"9";"100%.";"Снег непрерывный умеренный в срок наблюдения. ";"Снег и/или другие виды твердых осадков";"Метель";"";"-4.3";"Слоисто-кучевых, слоистых, кучевых или кучево-дождевых облаков нет.";"100%.";"600-1000";"Высокослоистые непросвечивающие или слоисто-дождевые.";"";"2.0";"-6.1";"6.0";"12";"";"";"";"";
"13.02.2026 16:00";"-5.5";"740.9";"756.3";"-0.2";"87";"Ветер, дующий с юга";"2";"5";"7";"100%.";"Снег непрерывный умеренный в срок наблюдения. ";"Снег и/или другие виды твердых осадков";"Облака покрывали более половины неба в течение всего соответствующего периода.";"";"";"Слоисто-кучевых, слоистых, кучевых или кучево-дождевых облаков нет.";"100%.";"600-1000";"Высокослоистые непросвечивающие или слоисто-дождевые.";"";"2.0";"-7.4";"";"";"";"";"";"";
"13.02.2026 13:00";"-7.3";"741.1";"756.5";"0.6";"83";"Ветер, дующий с юго-юго-запада";"3";"6";"7";"100%.";"Снег непрерывный умеренный в срок наблюдения. ";"Снег и/или другие виды твердых осадков";"Облака покрывали более половины неба в течение всего соответствующего периода.";"";"";"Слоисто-кучевых, слоистых, кучевых или кучево-дождевых облаков нет.";"100%.";"600-1000";"Высокослоистые непросвечивающие или слоисто-дождевые.";"";"2.0";"-9.8";"";"";"";"";"";"";
"13.02.2026 10:00";"-10.7";"740.5";"756.2";"0.2";"83";"Ветер, дующий с юга";"2";"4";"8";"100%.";"Снег непрерывный умеренный в срок наблюдения. ";"Снег и/или другие виды твердых осадков";"Метель";"";"";"Слоисто-кучевых, слоистых, кучевых или кучево-дождевых облаков нет.";"100%.";"600-1000";"Высокослоистые непросвечивающие или слоисто-дождевые.";"";"2.0";"-13.1";"";"";"";"";"";"";
"13.02.2026 07:00";"-12.7";"740.3";"756.1";"-0.7";"80";"Ветер, дующий с юга";"4";"8";"";"100%.";"Снег непрерывный умеренный в срок наблюдения. ";"Снег и/или другие виды твердых осадков";"Метель";"-12.8";"";"Слоисто-кучевых, слоистых, кучевых или кучево-дождевых облаков нет.";"100%.";"600-1000";"Высокослоистые непросвечивающие или слоисто-дождевые.";"";"2.0";"-15.5";"0.5";"12";"";"";"Неровный слой сухого рассыпчатого снега покрывает поверхность почвы полностью.";"84.0";
"13.02.2026 04:00";"-11.9";"741.0";"756.7";"-1.3";"73";"Ветер, дующий с юга";"4";"7";"";"100%.";"Слабый или умеренный поземок в целом низкий (ниже уровня глаз наблюдателя). ";"Метель";"Облака покрывали более половины неба в течение всего соответствующего периода.";"";"";"Слоисто-кучевые, образовавшиеся не из кучевых.";"100%.";"600-1000";"";"";"10.0";"-15.8";"";"";"";"";"";"";
"13.02.2026 01:00";"-12.2";"742.3";"758.0";"-0.9";"75";"Ветер, дующий с юга";"5";"8";"10";"100%.";"Слабый или умеренный поземок в целом низкий (ниже уровня глаз наблюдателя). ";"Метель";"Облака покрывали более половины неба в течение всего соответствующего периода.";"";"";"Слоисто-кучевые, образовавшиеся не из кучевых.";"100%.";"600-1000";"";"";"10.0";"-15.7";"";"";"";"";"";"";
"12.02.2026 22:00";"-12.1";"743.2";"759.0";"0.0";"73";"Ветер, дующий с юга";"5";"";"10";"100%.";"Слабый или умеренный поземок в целом низкий (ниже уровня глаз наблюдателя). ";"Метель";"Облака покрывали более половины неба в течение всего соответствующего периода.";"";"";"Слоисто-кучевые, образовавшиеся не из кучевых.";"100%.";"600-1000";"";"";"10.0";"-16.0";"";"";"";"";"";"";
"12.02.2026 19:00";"-11.1";"743.2";"758.9";"-0.7";"73";"Ветер, дующий с юга";"5";"";"11";"100%.";"Слабый или умеренный поземок в целом низкий (ниже уровня глаз наблюдателя). ";"Метель";"Облака покрывали более половины неба в течение всего соответствующего периода.";"";"-10.7";"Слоисто-кучевые, образовавшиеся не из кучевых.";"20–30%.";"600-1000";"Высококучевые, просвечивающие или плотные в двух или более слоях или высококучевые плотные в одном слое, не распространяющиеся но небу, либо высококучевые с высокослоистыми или слоисто-дождевыми.";"";"10.0";"-15.1";"Осадков нет";"12";"";"";"";"";
"12.02.2026 16:00";"-11.1";"743.9";"759.6";"0.2";"67";"Ветер, дующий с юго-юго-запада";"5";"9";"11";"100%.";"Слабый или умеренный поземок в целом низкий (ниже уровня глаз наблюдателя). ";"Метель";"Облака покрывали более половины неба в течение одной части соответствующего периода и половину или менее в течение другой части периода.";"";"";"Слоисто-кучевых, слоистых, кучевых или кучево-дождевых облаков нет.";"100%.";"2500 или более, или облаков нет.";"Высококучевые, просвечивающие или плотные в двух или более слоях или высококучевые плотные в одном слое, не распространяющиеся но небу, либо высококучевые с высокослоистыми или слоисто-дождевыми.";"";"10.0";"-16.1";"";"";"";"";"";"";
"12.02.2026 13:00";"-11.5";"743.7";"759.4";"0.5";"61";"Ветер, дующий с юго-юго-запада";"5";"9";"9";"40%.";" ";"";"";"";"";"Слоисто-кучевых, слоистых, кучевых или кучево-дождевых облаков нет.";"Облаков нет.";"2500 или более, или облаков нет.";"Высококучевых, высокослоистых или слоисто-дождевых облаков нет.";"Перистые (часто в виде полос) и перисто-слоистые, распространяющиеся по небу и в целом обычно уплотняющиеся, но сплошная пелена поднимается над горизонтом менее чем на 45°.";"10.0";"-17.6";"";"";"";"";"";"";
"12.02.2026 10:00";"-12.9";"743.2";"759.0";"0.4";"69";"Ветер, дующий с юго-юго-запада";"3";"7";"9";"100%.";" ";"";"";"";"";"Слоисто-кучевых, слоистых, кучевых или кучево-дождевых облаков нет.";"40%.";"2500 или более, или облаков нет.";"Высокослоистые просвечивающие.";"Перистые (часто в виде полос) и перисто-слоистые, распространяющиеся по небу и в целом обычно уплотняющиеся, но сплошная пелена поднимается над горизонтом менее чем на 45°.";"10.0";"-17.5";"";"";"";"";"";"";
"12.02.2026 07:00";"-13.0";"742.8";"758.6";"0.0";"68";"Ветер, дующий с юго-запада";"3";"7";"9";"70 – 80%.";" ";"";"";"-14.1";"";"Слоисто-кучевых, слоистых, кучевых или кучево-дождевых облаков нет.";"Облаков нет.";"2500 или более, или облаков нет.";"Высококучевых, высокослоистых или слоисто-дождевых облаков нет.";"Перистые (часто в виде полос) и перисто-слоистые, распространяющиеся по небу и в целом обычно уплотняющиеся, но сплошная пелена поднимается над горизонтом менее чем на 45°.";"10.0";"-17.8";"Осадков нет";"12";"";"";"Ровный слой сухого рассыпчатого снега покрывает поверхность почвы полностью.";"85.0";
"12.02.2026 04:00";"-13.1";"742.8";"758.6";"-0.6";"75";"Ветер, дующий с юго-юго-запада";"4";"7";"";"70 – 80%.";"Состояние неба в общем не изменилось. ";"Метель";"Облака покрывали более половины неба в течение всего соответствующего периода.";"";"";"Слоисто-кучевых, слоистых, кучевых или кучево-дождевых облаков нет.";"Облаков нет.";"2500 или более, или облаков нет.";"Высококучевых, высокослоистых или слоисто-дождевых облаков нет.";"Перистые (часто в виде полос) и перисто-слоистые, распространяющиеся по небу и в целом обычно уплотняющиеся, но сплошная пелена поднимается над горизонтом менее чем на 45°.";"10.0";"-16.6";"";"";"";"";"";"";
"12.02.2026 01:00";"-12.8";"743.4";"759.2";"-0.7";"77";"Ветер, дующий с юго-юго-запада";"4";"8";"9";"100%.";"Слабый или умеренный поземок в целом низкий (ниже уровня глаз наблюдателя). ";"Метель";"Облака покрывали более половины неба в течение всего соответствующего периода.";"";"";"Слоисто-кучевых, слоистых, кучевых или кучево-дождевых облаков нет.";"Облаков нет.";"2500 или более, или облаков нет.";"Высококучевых, высокослоистых или слоисто-дождевых облаков нет.";"Перистые (часто в виде полос) и перисто-слоистые, распространяющиеся по небу и в целом обычно уплотняющиеся, но сплошная пелена поднимается над горизонтом менее чем на 45°.";"10.0";"-16.1";"";"";"";"";"";"";
"11.02.2026 22:00";"-14.1";"744.1";"760.0";"-0.7";"80";"Ветер, дующий с юга";"2";"5";"7";"100%.";"Состояние неба в общем не изменилось. ";"Снег и/или другие виды твердых осадков";"Облака покрывали более половины неба в течение всего соответствующего периода.";"";"";"Слоисто-кучевых, слоистых, кучевых или кучево-дождевых облаков нет.";"Облаков нет.";"2500 или более, или облаков нет.";"Высококучевых, высокослоистых или слоисто-дождевых облаков нет.";"Перистые (часто в виде полос) и перисто-слоистые, распространяющиеся по небу и в целом обычно уплотняющиеся, но сплошная пелена поднимается над горизонтом менее чем на 45°.";"10.0";"-16.9";"";"";"";"";"";"";
"11.02.2026 19:00";"-13.6";"744.8";"760.7";"0.4";"79";"Ветер, дующий с юго-юго-запада";"2";"6";"6";"100%.";"Состояние неба в общем не изменилось. ";"Снег и/или другие виды твердых осадков";"Облака покрывали более половины неба в течение всего соответствующего периода.";"";"-12.9";"Слоисто-кучевых, слоистых, кучевых или кучево-дождевых облаков нет.";"20–30%.";"2500 или более, или облаков нет.";"Клочья (часто чечевицеобразные) высококучевых просвечивающих, непрерывно изменяющихся; расположены на одном или более уровнях.";"Перистые (часто в виде полос) и перисто-слоистые, распространяющиеся по небу и в целом обычно уплотняющиеся, но сплошная пелена поднимается над горизонтом менее чем на 45°.";"10.0";"-16.5";"Следы осадков";"12";"";"";"";"";
"11.02.2026 16:00";"-13.1";"744.4";"760.2";"0.4";"77";"Ветер, дующий с юго-юго-запада";"3";"6";"6";"100%.";"Снег непрерывный слабый в срок наблюдения. ";"Снег и/или другие виды твердых осадков";"Облака покрывали более половины неба в течение всего соответствующего периода.";"";"";"Слоисто-кучевых, слоистых, кучевых или кучево-дождевых облаков нет.";"100%.";"2500 или более, или облаков нет.";"Высококучевые, просвечивающие или плотные в двух или более слоях или высококучевые плотные в одном слое, не распространяющиеся но небу, либо высококучевые с высокослоистыми или слоисто-дождевыми.";"";"10.0";"-16.3";"";"";"";"";"";"";
"11.02.2026 13:00";"-13.9";"744.0";"759.9";"1.0";"80";"Ветер, дующий с западо-юго-запада";"1";"3";"5";"100%.";"Снег непрерывный слабый в срок наблюдения. ";"Снег и/или другие виды твердых осадков";"Облака покрывали более половины неба в течение всего соответствующего периода.";"";"";"Слоисто-кучевых, слоистых, кучевых или кучево-дождевых облаков нет.";"100%.";"2500 или более, или облаков нет.";"Высококучевые, просвечивающие или плотные в двух или более слоях или высококучевые плотные в одном слое, не распространяющиеся но небу, либо высококучевые с высокослоистыми или слоисто-дождевыми.";"";"10.0";"-16.7";"";"";"";"";"";"";
"11.02.2026 10:00";"-18.8";"743.0";"759.3";"1.5";"80";"Ветер, дующий с юго-запада";"1";"2";"4";"100%.";"Снег с перерывами слабый в срок наблюдения. ";"Снег и/или другие виды твердых осадков";"Облака покрывали более половины неба в течение всего соответствующего периода.";"-22.7";"";"Слоисто-кучевые, образовавшиеся не из кучевых.";"100%.";"1000-1500";"";"";"4.0";"-21.4";"";"";"";"";"";"";
"11.02.2026 07:00";"-21.1";"741.5";"757.9";"1.4";"80";"Ветер, дующий с запада";"1";"2";"3";"100%.";" ";"";"";"-21.3";"";"Слоисто-кучевых, слоистых, кучевых или кучево-дождевых облаков нет.";"Облаков нет.";"2500 или более, или облаков нет.";"Высококучевых, высокослоистых или слоисто-дождевых облаков нет.";"Перистые (часто в виде полос) и перисто-слоистые, распространяющиеся по небу и в целом обычно уплотняющиеся, но сплошная пелена поднимается над горизонтом менее чем на 45°.";"10.0";"-23.6";"Осадков нет";"12";"";"";"Ровный слой сухого рассыпчатого снега покрывает поверхность почвы полностью.";"85.0";
"11.02.2026 04:00";"-19.4";"740.1";"756.2";"1.5";"81";"Штиль, безветрие";"0";"";"";"100%.";" ";"";"";"";"";"Слоисто-кучевые, образовавшиеся не из кучевых.";"40%.";"600-1000";"Высококучевые, просвечивающие или плотные в двух или более слоях или высококучевые плотные в одном слое, не распространяющиеся но небу, либо высококучевые с высокослоистыми или слоисто-дождевыми.";"";"10.0";"-21.9";"";"";"";"";"";"";
"11.02.2026 01:00";"-21.3";"738.6";"754.9";"1.1";"81";"Штиль, безветрие";"0";"";"";"20–30%.";" ";"";"";"";"";"Слоисто-кучевых, слоистых, кучевых или кучево-дождевых облаков нет.";"20–30%.";"2500 или более, или облаков нет.";"Высококучевые, просвечивающие или плотные в двух или более слоях или высококучевые плотные в одном слое, не распространяющиеся но небу, либо высококучевые с высокослоистыми или слоисто-дождевыми.";"Перистых, перисто-кучевых или перисто-слоистых нет.";"10.0";"-23.7";"";"";"";"";"";"";
"10.02.2026 22:00";"-20.3";"737.5";"753.7";"0.9";"83";"Штиль, безветрие";"0";"";"";"100%.";" ";"";"";"";"";"Слоисто-кучевых, слоистых, кучевых или кучево-дождевых облаков нет.";"20–30%.";"2500 или более, или облаков нет.";"Высококучевые просвечивающие, расположенные на одном уровне.";"Перистые нитевидные, иногда когтевидные, не распространяющиеся по небу.";"10.0";"-22.4";"";"";"";"";"";"";
"10.02.2026 19:00";"-17.6";"736.6";"752.6";"0.8";"83";"Штиль, безветрие";"0";"";"";"100%.";" ";"";"";"";"-14.8";"Слоисто-кучевых, слоистых, кучевых или кучево-дождевых облаков нет.";"100%.";"2500 или более, или облаков нет.";"Высококучевые, просвечивающие или плотные в двух или более слоях или высококучевые плотные в одном слое, не распространяющиеся но небу, либо высококучевые с высокослоистыми или слоисто-дождевыми.";"";"10.0";"-19.8";"Следы осадков";"12";"";"";"";"";
"10.02.2026 16:00";"-14.9";"735.8";"751.6";"0.0";"71";"Ветер, дующий с севера";"1";"3";"4";"100%.";" ";"";"";"";"";"Слоисто-кучевых, слоистых, кучевых или кучево-дождевых облаков нет.";"70 – 80%.";"2500 или более, или облаков нет.";"Высококучевые, просвечивающие или плотные в двух или более слоях или высококучевые плотные в одном слое, не распространяющиеся но небу, либо высококучевые с высокослоистыми или слоисто-дождевыми.";"Перисто-кучевые одни или перисто-кучевые, сопровождаемые перистыми или перисто-слоистыми, либо те и другие, но перисто-кучевые преобладают среди них.";"10.0";"-19.0";"";"";"";"";"";"";
"10.02.2026 13:00";"-15.4";"735.8";"751.6";"0.1";"72";"Ветер, дующий с севера";"1";"3";"4";"100%.";" ";"";"";"";"";"Слоисто-кучевых, слоистых, кучевых или кучево-дождевых облаков нет.";"100%.";"2500 или более, или облаков нет.";"Высококучевые, просвечивающие или плотные в двух или более слоях или высококучевые плотные в одном слое, не распространяющиеся но небу, либо высококучевые с высокослоистыми или слоисто-дождевыми.";"";"10.0";"-19.4";"";"";"";"";"";"";
"10.02.2026 10:00";"-16.6";"735.7";"751.6";"0.3";"80";"Ветер, дующий с северо-северо-востока";"1";"3";"5";"100%.";"Снег неливневый. ";"Облака покрывали более половины неба в течение всего соответствующего периода.";"Облака покрывали более половины неба в течение всего соответствующего периода.";"";"";"Слоисто-кучевых, слоистых, кучевых или кучево-дождевых облаков нет.";"100%.";"2500 или более, или облаков нет.";"Высококучевые, просвечивающие или плотные в двух или более слоях или высококучевые плотные в одном слое, не распространяющиеся но небу, либо высококучевые с высокослоистыми или слоисто-дождевыми.";"";"10.0";"-19.2";"";"";"";"";"";"";
"10.02.2026 07:00";"-16.8";"735.4";"751.3";"0.3";"81";"Ветер, дующий с севера";"2";"3";"5";"70 – 80%.";" ";"";"";"-18.8";"";"Слоисто-кучевых, слоистых, кучевых или кучево-дождевых облаков нет.";"70 – 80%.";"2500 или более, или облаков нет.";"Высококучевые, просвечивающие или плотные в двух или более слоях или высококучевые плотные в одном слое, не распространяющиеся но небу, либо высококучевые с высокослоистыми или слоисто-дождевыми.";"Перистых, перисто-кучевых или перисто-слоистых нет.";"10.0";"-19.3";"Осадков нет";"12";"";"";"Ровный слой сухого рассыпчатого снега покрывает поверхность почвы полностью.";"85.0";
"10.02.2026 04:00";"-15.7";"735.1";"751.0";"-0.3";"83";"Ветер, дующий с севера";"1";"3";"4";"70 – 80%.";" ";"";"";"";"";"Слоисто-кучевых, слоистых, кучевых или кучево-дождевых облаков нет.";"70 – 80%.";"2500 или более, или облаков нет.";"Высококучевые, просвечивающие или плотные в двух или более слоях или высококучевые плотные в одном слое, не распространяющиеся но небу, либо высококучевые с высокослоистыми или слоисто-дождевыми.";"Перистых, перисто-кучевых или перисто-слоистых нет.";"10.0";"-18.0";"";"";"";"";"";"";
"10.02.2026 01:00";"-17.0";"735.4";"751.3";"0.0";"82";"Ветер, дующий с северо-северо-запада";"1";"3";"4";"100%.";" ";"";"";"";"";"Слоисто-кучевых, слоистых, кучевых или кучево-дождевых облаков нет.";"100%.";"2500 или более, или облаков нет.";"Высококучевые, просвечивающие или плотные в двух или более слоях или высококучевые плотные в одном слое, не распространяющиеся но небу, либо высококучевые с высокослоистыми или слоисто-дождевыми.";"";"10.0";"-19.4";"";"";"";"";"";"";
"09.02.2026 22:00";"-17.7";"735.4";"751.4";"0.4";"82";"Ветер, дующий с северо-северо-запада";"2";"4";"6";"100%.";" ";"";"";"";"";"Слоисто-кучевых, слоистых, кучевых или кучево-дождевых облаков нет.";"100%.";"2500 или более, или облаков нет.";"Высококучевые, просвечивающие или плотные в двух или более слоях или высококучевые плотные в одном слое, не распространяющиеся но небу, либо высококучевые с высокослоистыми или слоисто-дождевыми.";"";"10.0";"-20.1";"";"";"";"";"";"";
"09.02.2026 19:00";"-17.4";"735.0";"750.9";"0.8";"79";"Ветер, дующий с северо-северо-запада";"2";"4";"6";"20–30%.";" ";"";"";"";"-11.2";"Слоисто-кучевых, слоистых, кучевых или кучево-дождевых облаков нет.";"20–30%.";"2500 или более, или облаков нет.";"Высокослоистые просвечивающие.";"Перистых, перисто-кучевых или перисто-слоистых нет.";"10.0";"-20.2";"0.8";"12";"";"";"";"";
"09.02.2026 16:00";"-12.9";"734.2";"749.9";"0.3";"71";"Ветер, дующий с севера";"2";"5";"6";"70 – 80%.";"Состояние неба в общем не изменилось. ";"Снег и/или другие виды твердых осадков";"Облака покрывали более половины неба в течение всего соответствующего периода.";"";"";"Слоисто-кучевых, слоистых, кучевых или кучево-дождевых облаков нет.";"20–30%.";"2500 или более, или облаков нет.";"Высокослоистые просвечивающие.";"Перисто-кучевые одни или перисто-кучевые, сопровождаемые перистыми или перисто-слоистыми, либо те и другие, но перисто-кучевые преобладают среди них.";"10.0";"-17.1";"";"";"";"";"";"";
"09.02.2026 13:00";"-11.5";"733.9";"749.5";"-0.2";"70";"Ветер, дующий с севера";"2";"5";"7";"100%.";"Состояние неба в общем не изменилось. ";"Снег и/или другие виды твердых осадков";"Облака покрывали более половины неба в течение всего соответствующего периода.";"";"";"Слоисто-кучевых, слоистых, кучевых или кучево-дождевых облаков нет.";"100%.";"2500 или более, или облаков нет.";"Высококучевые, просвечивающие или плотные в двух или более слоях или высококучевые плотные в одном слое, не распространяющиеся но небу, либо высококучевые с высокослоистыми или слоисто-дождевыми.";"";"10.0";"-16.0";"";"";"";"";"";"";
"09.02.2026 10:00";"-13.0";"734.1";"749.8";"0.2";"80";"Ветер, дующий с севера";"2";"5";"7";"100%.";"Снег непрерывный слабый в срок наблюдения. ";"Снег и/или другие виды твердых осадков";"Облака покрывали более половины неба в течение всего соответствующего периода.";"-13.2";"";"Слоисто-кучевых, слоистых, кучевых или кучево-дождевых облаков нет.";"70 – 80%.";"2500 или более, или облаков нет.";"Высокослоистые непросвечивающие или слоисто-дождевые.";"Перистые (часто в виде полос) и перисто-слоистые, распространяющиеся по небу и в целом обычно уплотняющиеся, но сплошная пелена поднимается над горизонтом менее чем на 45°.";"10.0";"-15.8";"";"";"";"";"";"";
"09.02.2026 07:00";"-12.2";"733.9";"749.5";"-0.1";"82";"Ветер, дующий с севера";"2";"6";"6";"100%.";"Снег непрерывный слабый в срок наблюдения. ";"Снег и/или другие виды твердых осадков";"Облака покрывали более половины неба в течение всего соответствующего периода.";"-12.2";"";"Слоисто-кучевых, слоистых, кучевых или кучево-дождевых облаков нет.";"100%.";"600-1000";"Высокослоистые непросвечивающие или слоисто-дождевые.";"";"4.0";"-14.7";"1.0";"12";"";"";"Ровный слой сухого рассыпчатого снега покрывает поверхность почвы полностью.";"85.0";
"09.02.2026 04:00";"-11.0";"734.0";"749.5";"-0.8";"84";"Ветер, дующий с севера";"2";"5";"6";"100%.";"Снег с перерывами слабый в срок наблюдения. ";"Снег и/или другие виды твердых осадков";"Облака покрывали более половины неба в течение всего соответствующего периода.";"";"";"Слоисто-кучевые, образовавшиеся не из кучевых.";"100%.";"600-1000";"";"";"4.0";"-13.2";"";"";"";"";"";"";
"09.02.2026 01:00";"-10.1";"734.8";"750.3";"-1.2";"85";"Ветер, дующий с северо-востока";"1";"4";"4";"100%.";" ";"";"";"";"";"Слоисто-кучевые, образовавшиеся не из кучевых.";"100%.";"600-1000";"";"";"10.0";"-12.2";"";"";"";"";"";"";
"08.02.2026 22:00";"-9.5";"736.0";"751.5";"-1.1";"87";"Ветер, дующий с северо-востока";"1";"";"4";"100%.";" ";"";"";"";"";"Слоисто-кучевые, образовавшиеся не из кучевых.";"100%.";"600-1000";"";"";"10.0";"-11.3";"";"";"";"";"";"";
"08.02.2026 19:00";"-8.9";"737.1";"752.5";"-1.3";"86";"Ветер, дующий с северо-северо-востока";"1";"3";"3";"100%.";" ";"";"";"";"-8.0";"Слоисто-кучевые, образовавшиеся не из кучевых.";"100%.";"1000-1500";"";"";"10.0";"-10.8";"5.0";"12";"";"";"";"";
"08.02.2026 16:00";"-8.1";"738.4";"753.8";"-1.3";"82";"Ветер, дующий с востока";"1";"3";"4";"100%.";"Состояние неба в общем не изменилось. ";"Снег и/или другие виды твердых осадков";"Облака покрывали более половины неба в течение всего соответствующего периода.";"";"";"Слоисто-кучевые, образовавшиеся не из кучевых.";"100%.";"600-1000";"";"";"10.0";"-10.7";"";"";"";"";"";"";
"08.02.2026 13:00";"-8.4";"739.7";"755.2";"-1.1";"87";"Ветер, дующий с юго-востока";"2";"3";"4";"100%.";"Снег непрерывный сильный в срок наблюдения. ";"Снег и/или другие виды твердых осадков";"Облака покрывали более половины неба в течение всего соответствующего периода.";"";"";"Слоисто-кучевых, слоистых, кучевых или кучево-дождевых облаков нет.";"100%.";"600-1000";"Высокослоистые непросвечивающие или слоисто-дождевые.";"";"1.0";"-10.2";"";"";"";"";"";"";
"08.02.2026 10:00";"-9.0";"740.8";"756.4";"-0.9";"86";"Ветер, дующий с юго-юго-востока";"2";"3";"4";"100%.";"Снег непрерывный умеренный в срок наблюдения. ";"Снег и/или другие виды твердых осадков";"Облака покрывали более половины неба в течение всего соответствующего периода.";"";"";"Слоисто-кучевых, слоистых, кучевых или кучево-дождевых облаков нет.";"100%.";"600-1000";"Высокослоистые непросвечивающие или слоисто-дождевые.";"";"2.0";"-10.9";"";"";"";"";"";"";
"08.02.2026 07:00";"-9.6";"741.7";"757.3";"-0.9";"87";"Ветер, дующий с юга";"1";"3";"4";"100%.";"Снег непрерывный умеренный в срок наблюдения. ";"Снег и/или другие виды твердых осадков";"Облака покрывали более половины неба в течение всего соответствующего периода.";"-9.9";"";"Слоисто-кучевых, слоистых, кучевых или кучево-дождевых облаков нет.";"100%.";"600-1000";"Высокослоистые непросвечивающие или слоисто-дождевые.";"";"2.0";"-11.4";"7.0";"12";"";"";"Ровный слой сухого рассыпчатого снега покрывает поверхность почвы полностью.";"84.0";
"08.02.2026 04:00";"-9.8";"742.6";"758.3";"-1.5";"87";"Ветер, дующий с юга";"1";"3";"7";"100%.";"Снег непрерывный умеренный в срок наблюдения. ";"Снег и/или другие виды твердых осадков";"Метель";"";"";"Слоисто-кучевых, слоистых, кучевых или кучево-дождевых облаков нет.";"100%.";"600-1000";"Высокослоистые непросвечивающие или слоисто-дождевые.";"Перистых, перисто-кучевых или перисто-слоистых нет.";"2.0";"-11.6";"";"";"";"";"";"";
"08.02.2026 01:00";"-9.7";"744.1";"759.7";"-1.4";"86";"Ветер, дующий с юга";"2";"4";"7";"100%.";"Снег непрерывный умеренный в срок наблюдения. ";"Снег и/или другие виды твердых осадков";"Метель";"";"";"Слоисто-кучевых, слоистых, кучевых или кучево-дождевых облаков нет.";"100%.";"600-1000";"Высокослоистые непросвечивающие или слоисто-дождевые.";"";"4.0";"-11.7";"";"";"";"";"";"";
"07.02.2026 22:00";"-9.0";"745.5";"761.2";"-1.6";"84";"Ветер, дующий с юга";"3";"7";"7";"100%.";"Снег непрерывный слабый в срок наблюдения. ";"Снег и/или другие виды твердых осадков";"Метель";"";"";"Слоисто-кучевых, слоистых, кучевых или кучево-дождевых облаков нет.";"100%.";"600-1000";"Высокослоистые непросвечивающие или слоисто-дождевые.";"";"4.0";"-11.2";"";"";"";"";"";"";
"07.02.2026 19:00";"-9.1";"747.1";"762.8";"-1.2";"82";"Ветер, дующий с юго-юго-запада";"3";"7";"7";"100%.";"Снег непрерывный слабый в срок наблюдения. ";"Снег и/или другие виды твердых осадков";"Облака покрывали более половины неба в течение всего соответствующего периода.";"";"-8.7";"Слоисто-кучевых, слоистых, кучевых или кучево-дождевых облаков нет.";"100%.";"600-1000";"Высокослоистые непросвечивающие или слоисто-дождевые.";"";"4.0";"-11.6";"1.0";"12";"";"";"";"";
"07.02.2026 16:00";"-9.0";"748.3";"764.0";"-1.6";"82";"Ветер, дующий с юго-юго-запада";"2";"6";"8";"100%.";"Снег непрерывный слабый в срок наблюдения. ";"Снег и/или другие виды твердых осадков";"Облака покрывали более половины неба в течение всего соответствующего периода.";"";"";"Слоисто-кучевых, слоистых, кучевых или кучево-дождевых облаков нет.";"100%.";"600-1000";"Высокослоистые непросвечивающие или слоисто-дождевые.";"";"4.0";"-11.5";"";"";"";"";"";"";
"07.02.2026 13:00";"-9.2";"749.9";"765.7";"-0.8";"80";"Ветер, дующий с юго-запада";"2";"5";"7";"100%.";"Снег непрерывный слабый в срок наблюдения. ";"Снег и/или другие виды твердых осадков";"Облака покрывали более половины неба в течение всего соответствующего периода.";"";"";"Слоисто-кучевых, слоистых, кучевых или кучево-дождевых облаков нет.";"100%.";"600-1000";"Высокослоистые непросвечивающие или слоисто-дождевые.";"";"4.0";"-12.1";"";"";"";"";"";"";
"07.02.2026 10:00";"-11.0";"750.7";"766.6";"-0.7";"77";"Ветер, дующий с юго-юго-запада";"2";"4";"6";"100%.";" ";"";"";"";"";"Слоисто-кучевых, слоистых, кучевых или кучево-дождевых облаков нет.";"100%.";"2500 или более, или облаков нет.";"Высококучевые, просвечивающие или плотные в двух или более слоях или высококучевые плотные в одном слое, не распространяющиеся но небу, либо высококучевые с высокослоистыми или слоисто-дождевыми.";"";"10.0";"-14.3";"";"";"";"";"";"";
"07.02.2026 07:00";"-12.0";"751.4";"767.4";"-0.8";"73";"Ветер, дующий с юго-запада";"1";"3";"6";"90  или более, но не 100%";" ";"";"";"-14.5";"";"Слоисто-кучевые, образовавшиеся не из кучевых.";"20–30%.";"1000-1500";"Высококучевые просвечивающие, расположенные на одном уровне.";"Перистых, перисто-кучевых или перисто-слоистых нет.";"10.0";"-15.9";"Осадков нет";"12";"";"";"Ровный слой сухого рассыпчатого снега покрывает поверхность почвы полностью.";"78.0";
"07.02.2026 04:00";"-11.7";"752.2";"768.3";"-0.6";"70";"Ветер, дующий с юго-юго-запада";"2";"5";"6";"100%.";" ";"";"";"";"";"Слоисто-кучевые, образовавшиеся не из кучевых.";"100%.";"600-1000";"";"";"10.0";"-16.2";"";"";"";"";"";"";
"07.02.2026 01:00";"-13.9";"752.8";"769.0";"-0.2";"76";"Ветер, дующий с юго-запада";"2";"4";"6";"90  или более, но не 100%";" ";"";"";"";"";"Слоисто-кучевые, образовавшиеся не из кучевых.";"90  или более, но не 100%";"1000-1500";"Высококучевых, высокослоистых или слоисто-дождевых облаков нет.";"Перистых, перисто-кучевых или перисто-слоистых нет.";"10.0";"-17.3";"";"";"";"";"";"";
"06.02.2026 22:00";"-11.8";"753.0";"769.0";"0.3";"73";"Ветер, дующий с юго-запада";"2";"5";"7";"90  или более, но не 100%";" ";"";"";"";"";"Слоисто-кучевые, образовавшиеся не из кучевых.";"90  или более, но не 100%";"1000-1500";"Высококучевых, высокослоистых или слоисто-дождевых облаков нет.";"Перистых, перисто-кучевых или перисто-слоистых нет.";"10.0";"-15.7";"";"";"";"";"";"";
"06.02.2026 19:00";"-12.8";"752.7";"768.7";"1.1";"75";"Ветер, дующий с западо-юго-запада";"2";"5";"6";"Облаков нет.";" ";"";"";"";"-11.1";"";"";"";"";"";"10.0";"-16.4";"Следы осадков";"12";"";"";"";"";
"06.02.2026 16:00";"-12.4";"751.6";"767.6";"0.3";"71";"Ветер, дующий с западо-юго-запада";"2";"5";"6";"20–30%.";"Состояние неба в общем не изменилось. ";"Снег и/или другие виды твердых осадков";"Облака покрывали более половины неба в течение одной части соответствующего периода и половину или менее в течение другой части периода.";"";"";"Слоисто-кучевых, слоистых, кучевых или кучево-дождевых облаков нет.";"Облаков нет.";"2500 или более, или облаков нет.";"Высококучевых, высокослоистых или слоисто-дождевых облаков нет.";"Перистые нитевидные, иногда когтевидные, не распространяющиеся по небу.";"10.0";"-16.7";"";"";"";"";"";"";
"06.02.2026 13:00";"-12.0";"751.3";"767.2";"1.0";"73";"Ветер, дующий с западо-юго-запада";"2";"4";"6";"90  или более, но не 100%";"Снег непрерывный слабый в срок наблюдения. ";"Снег и/или другие виды твердых осадков";"Облака покрывали более половины неба в течение всего соответствующего периода.";"";"";"Слоисто-кучевые, образовавшиеся не из кучевых.";"70 – 80%.";"1000-1500";"Высококучевые просвечивающие, расположенные на одном уровне.";"Перистых, перисто-кучевых или перисто-слоистых нет.";"4.0";"-15.9";"";"";"";"";"";"";
"06.02.2026 10:00";"-12.6";"750.3";"766.3";"1.5";"78";"Ветер, дующий с запада";"2";"5";"9";"90  или более, но не 100%";"Состояние неба в общем не изменилось. ";"Снег и/или другие виды твердых осадков";"Метель";"";"";"Слоисто-кучевые, образовавшиеся не из кучевых.";"20–30%.";"1000-1500";"Высококучевые просвечивающие, расположенные на одном уровне.";"Перистых, перисто-кучевых или перисто-слоистых нет.";"10.0";"-15.7";"";"";"";"";"";"";
"06.02.2026 07:00";"-13.1";"748.8";"764.7";"1.2";"79";"Ветер, дующий с западо-северо-запада";"4";"6";"10";"100%.";"Слабый или умеренный поземок в целом низкий (ниже уровня глаз наблюдателя). ";"Метель";"Облака покрывали более половины неба в течение всего соответствующего периода.";"-16.1";"";"Слоисто-кучевых, слоистых, кучевых или кучево-дождевых облаков нет.";"100%.";"2500 или более, или облаков нет.";"Высококучевые, просвечивающие или плотные в двух или более слоях или высококучевые плотные в одном слое, не распространяющиеся но небу, либо высококучевые с высокослоистыми или слоисто-дождевыми.";"";"10.0";"-16.0";"Осадков нет";"12";"";"";"Ровный слой сухого рассыпчатого снега покрывает поверхность почвы полностью.";"82.0";
"06.02.2026 04:00";"-13.3";"747.6";"763.5";"0.4";"84";"Ветер, дующий с запада";"4";"6";"7";"100%.";"Облака в целом образовывались или развивались. ";"Метель";"Облака покрывали более половины неба в течение одной части соответствующего периода и половину или менее в течение другой части периода.";"";"";"Слоисто-кучевых, слоистых, кучевых или кучево-дождевых облаков нет.";"100%.";"2500 или более, или облаков нет.";"Высококучевые, просвечивающие или плотные в двух или более слоях или высококучевые плотные в одном слое, не распространяющиеся но небу, либо высококучевые с высокослоистыми или слоисто-дождевыми.";"";"10.0";"-15.5";"";"";"";"";"";"";
"06.02.2026 01:00";"-14.9";"747.2";"763.3";"0.2";"83";"Ветер, дующий с западо-юго-запада";"2";"5";"5";"40%.";" ";"";"";"";"";"Слоисто-кучевых, слоистых, кучевых или кучево-дождевых облаков нет.";"20–30%.";"2500 или более, или облаков нет.";"Высококучевые просвечивающие, расположенные на одном уровне.";"Перистые нитевидные, иногда когтевидные, не распространяющиеся по небу.";"10.0";"-17.1";"";"";"";"";"";"";
"05.02.2026 22:00";"-15.2";"747.0";"763.0";"-0.5";"82";"Ветер, дующий с западо-юго-запада";"2";"5";"5";"Облаков нет.";" ";"";"";"";"";"";"";"";"";"";"10.0";"-17.6";"";"";"";"";"";"";
"05.02.2026 19:00";"-16.1";"747.5";"763.6";"-0.1";"82";"Ветер, дующий с западо-юго-запада";"1";"3";"5";"70 – 80%.";" ";"";"";"";"-15.2";"Слоисто-кучевых, слоистых, кучевых или кучево-дождевых облаков нет.";"40%.";"2500 или более, или облаков нет.";"Высококучевые, просвечивающие или плотные в двух или более слоях или высококучевые плотные в одном слое, не распространяющиеся но небу, либо высококучевые с высокослоистыми или слоисто-дождевыми.";"Перисто-кучевые одни или перисто-кучевые, сопровождаемые перистыми или перисто-слоистыми, либо те и другие, но перисто-кучевые преобладают среди них.";"10.0";"-18.5";"Осадков нет";"12";"";"";"";"";
"05.02.2026 16:00";"-15.9";"747.6";"763.7";"-0.2";"75";"Ветер, дующий с юго-запада";"2";"5";"6";"100%.";" ";"";"";"";"";"Слоисто-кучевых, слоистых, кучевых или кучево-дождевых облаков нет.";"100%.";"2500 или более, или облаков нет.";"Высококучевые, просвечивающие или плотные в двух или более слоях или высококучевые плотные в одном слое, не распространяющиеся но небу, либо высококучевые с высокослоистыми или слоисто-дождевыми.";"";"10.0";"-19.3";"";"";"";"";"";"";
"05.02.2026 13:00";"-19.2";"747.8";"764.1";"0.1";"77";"Ветер, дующий с юго-запада";"1";"4";"6";"100%.";" ";"";"";"";"";"Слоисто-кучевых, слоистых, кучевых или кучево-дождевых облаков нет.";"100%.";"2500 или более, или облаков нет.";"Высококучевые, просвечивающие или плотные в двух или более слоях или высококучевые плотные в одном слое, не распространяющиеся но небу, либо высококучевые с высокослоистыми или слоисто-дождевыми.";"";"10.0";"-22.2";"";"";"";"";"";"";
"05.02.2026 10:00";"-24.3";"747.7";"764.4";"-0.1";"74";"Ветер, дующий с запада";"2";"4";"6";"40%.";" ";"";"";"";"";"Слоисто-кучевые, образовавшиеся не из кучевых.";"20–30%.";"1000-1500";"Высококучевые просвечивающие, расположенные на одном уровне.";"Перистых, перисто-кучевых или перисто-слоистых нет.";"10.0";"-27.6";"";"";"";"";"";"";
"05.02.2026 07:00";"-27.0";"747.8";"764.6";"-0.2";"73";"Ветер, дующий с запада";"1";"3";"4";"10%  или менее, но не 0";" ";"";"";"-27.4";"";"Слоисто-кучевые, образовавшиеся не из кучевых.";"10%  или менее, но не 0";"1000-1500";"Высококучевых, высокослоистых или слоисто-дождевых облаков нет.";"Перистых, перисто-кучевых или перисто-слоистых нет.";"10.0";"-30.4";"Осадков нет";"12";"";"";"Ровный слой сухого рассыпчатого снега покрывает поверхность почвы полностью.";"82.0";
"05.02.2026 04:00";"-26.8";"748.0";"764.8";"0.0";"74";"Ветер, дующий с западо-юго-запада";"1";"3";"3";"Облаков нет.";" ";"";"";"";"";"";"";"";"";"";"10.0";"-30.0";"";"";"";"";"";"";
"05.02.2026 01:00";"-26.2";"748.0";"764.8";"0.5";"74";"Ветер, дующий с западо-юго-запада";"1";"3";"5";"Облаков нет.";" ";"";"";"";"";"";"";"";"";"";"10.0";"-29.4";"";"";"";"";"";"";
"04.02.2026 22:00";"-24.6";"747.5";"764.2";"0.9";"76";"Ветер, дующий с юго-запада";"1";"4";"6";"Облаков нет.";" ";"";"";"";"";"";"";"";"";"";"10.0";"-27.7";"";"";"";"";"";"";
"04.02.2026 19:00";"-22.0";"746.6";"763.1";"1.0";"73";"Ветер, дующий с запада";"1";"4";"6";"Облаков нет.";" ";"";"";"";"-16.1";"";"";"";"";"";"10.0";"-25.5";"0.2";"12";"";"";"";"";
"04.02.2026 16:00";"-20.2";"745.6";"762.0";"0.8";"69";"Ветер, дующий с западо-юго-запада";"2";"6";"7";"10%  или менее, но не 0";" ";"";"";"";"";"Слоисто-кучевых, слоистых, кучевых или кучево-дождевых облаков нет.";"Облаков нет.";"2500 или более, или облаков нет.";"Высококучевых, высокослоистых или слоисто-дождевых облаков нет.";"Перисто-кучевые одни или перисто-кучевые, сопровождаемые перистыми или перисто-слоистыми, либо те и другие, но перисто-кучевые преобладают среди них.";"10.0";"-24.4";"";"";"";"";"";"";
"04.02.2026 13:00";"-17.9";"744.8";"761.1";"1.2";"64";"Ветер, дующий с запада";"3";"6";"7";"40%.";" ";"";"";"";"";"Слоисто-кучевых, слоистых, кучевых или кучево-дождевых облаков нет.";"Облаков нет.";"2500 или более, или облаков нет.";"Высококучевых, высокослоистых или слоисто-дождевых облаков нет.";"Перисто-кучевые одни или перисто-кучевые, сопровождаемые перистыми или перисто-слоистыми, либо те и другие, но перисто-кучевые преобладают среди них.";"10.0";"-23.1";"";"";"";"";"";"";
"04.02.2026 10:00";"-17.8";"743.6";"759.7";"1.5";"76";"Ветер, дующий с западо-северо-запада";"3";"6";"6";"70 – 80%.";"Состояние неба в общем не изменилось. ";"Снег и/или другие виды твердых осадков";"Облака покрывали более половины неба в течение всего соответствующего периода.";"-17.8";"";"Слоисто-кучевые, образовавшиеся не из кучевых.";"10%  или менее, но не 0";"1000-1500";"Клочья (часто чечевицеобразные) высококучевых просвечивающих, непрерывно изменяющихся; расположены на одном или более уровнях.";"Перистые нитевидные, иногда когтевидные, не распространяющиеся по небу.";"10.0";"-21.1";"";"";"";"";"";"";
"04.02.2026 07:00";"-16.1";"742.1";"758.2";"-0.1";"82";"Ветер, дующий с запада";"3";"5";"5";"100%.";"Снег непрерывный слабый в срок наблюдения. ";"Снег и/или другие виды твердых осадков";"Облака покрывали более половины неба в течение всего соответствующего периода.";"-16.1";"";"Слоисто-кучевых, слоистых, кучевых или кучево-дождевых облаков нет.";"100%.";"600-1000";"Высокослоистые непросвечивающие или слоисто-дождевые.";"";"4.0";"-18.5";"3.0";"12";"";"";"Ровный слой сухого рассыпчатого снега покрывает поверхность почвы полностью.";"82.0";
"04.02.2026 04:00";"-13.4";"742.2";"758.1";"-0.6";"84";"Ветер, дующий с западо-северо-запада";"2";"3";"4";"100%.";"Снег непрерывный слабый в срок наблюдения. ";"Снег и/или другие виды твердых осадков";"Облака покрывали более половины неба в течение всего соответствующего периода.";"";"";"Слоисто-кучевых, слоистых, кучевых или кучево-дождевых облаков нет.";"100%.";"600-1000";"Высокослоистые непросвечивающие или слоисто-дождевые.";"";"4.0";"-15.5";"";"";"";"";"";"";
"04.02.2026 01:00";"-12.7";"742.8";"758.6";"-0.5";"85";"Ветер, дующий с западо-северо-запада";"1";"2";"3";"100%.";"Снег непрерывный слабый в срок наблюдения. ";"Снег и/или другие виды твердых осадков";"Облака покрывали более половины неба в течение всего соответствующего периода.";"";"";"Слоисто-кучевых, слоистых, кучевых или кучево-дождевых облаков нет.";"100%.";"600-1000";"Высокослоистые непросвечивающие или слоисто-дождевые.";"";"4.0";"-14.7";"";"";"";"";"";"";
"03.02.2026 22:00";"-12.0";"743.3";"759.1";"-1.1";"86";"Штиль, безветрие";"0";"";"";"100%.";"Снег непрерывный слабый в срок наблюдения. ";"Снег и/или другие виды твердых осадков";"Облака покрывали более половины неба в течение всего соответствующего периода.";"";"";"Слоисто-кучевых, слоистых, кучевых или кучево-дождевых облаков нет.";"100%.";"600-1000";"Высокослоистые непросвечивающие или слоисто-дождевые.";"";"4.0";"-13.9";"";"";"";"";"";"";
"03.02.2026 19:00";"-12.1";"744.4";"760.3";"-1.6";"85";"Штиль, безветрие";"0";"";"";"100%.";"Снег непрерывный слабый в срок наблюдения. ";"Снег и/или другие виды твердых осадков";"Облака покрывали более половины неба в течение всего соответствующего периода.";"";"-11.8";"Слоисто-кучевых, слоистых, кучевых или кучево-дождевых облаков нет.";"100%.";"600-1000";"Высокослоистые непросвечивающие или слоисто-дождевые.";"";"4.0";"-14.1";"5.0";"12";"";"";"";"";
"03.02.2026 16:00";"-11.9";"746.0";"761.9";"-2.0";"81";"Ветер, дующий с северо-северо-востока";"1";"";"3";"100%.";"Снег непрерывный слабый в срок наблюдения. ";"Снег и/или другие виды твердых осадков";"Облака покрывали более половины неба в течение всего соответствующего периода.";"";"";"Слоисто-кучевых, слоистых, кучевых или кучево-дождевых облаков нет.";"100%.";"600-1000";"Высокослоистые непросвечивающие или слоисто-дождевые.";"";"4.0";"-14.5";"";"";"";"";"";"";
"03.02.2026 13:00";"-13.1";"748.0";"764.1";"-1.0";"81";"Штиль, безветрие";"0";"";"";"100%.";"Снег непрерывный умеренный в срок наблюдения. ";"Снег и/или другие виды твердых осадков";"Облака покрывали более половины неба в течение всего соответствующего периода.";"";"";"Слоисто-кучевых, слоистых, кучевых или кучево-дождевых облаков нет.";"100%.";"600-1000";"Высокослоистые непросвечивающие или слоисто-дождевые.";"";"2.0";"-15.7";"";"";"";"";"";"";
"03.02.2026 10:00";"-15.6";"749.0";"765.2";"-0.6";"83";"Штиль, безветрие";"0";"";"";"100%.";"Снег непрерывный слабый в срок наблюдения. ";"Снег и/или другие виды твердых осадков";"Облака покрывали более половины неба в течение всего соответствующего периода.";"";"";"Слоисто-кучевых, слоистых, кучевых или кучево-дождевых облаков нет.";"100%.";"600-1000";"Высокослоистые непросвечивающие или слоисто-дождевые.";"";"4.0";"-17.9";"";"";"";"";"";"";
"03.02.2026 07:00";"-16.5";"749.6";"765.8";"0.3";"83";"Штиль, безветрие";"0";"";"";"100%.";" ";"";"";"-18.8";"";"Слоисто-кучевые, образовавшиеся не из кучевых.";"100%.";"1000-1500";"";"";"10.0";"-18.8";"0.5";"12";"";"";"Ровный слой сухого рассыпчатого снега покрывает поверхность почвы полностью.";"74.0";
"03.02.2026 04:00";"-16.7";"749.3";"765.5";"0.1";"85";"Ветер, дующий с юго-юго-запада";"1";"2";"3";"90  или более, но не 100%";" ";"";"";"";"";"Слоисто-кучевых, слоистых, кучевых или кучево-дождевых облаков нет.";"Облаков нет.";"2500 или более, или облаков нет.";"Высококучевых, высокослоистых или слоисто-дождевых облаков нет.";"Перистые нитевидные, иногда когтевидные, не распространяющиеся по небу.";"10.0";"-18.7";"";"";"";"";"";"";
"03.02.2026 01:00";"-13.5";"749.2";"765.2";"1.1";"84";"Ветер, дующий с юго-юго-запада";"1";"3";"4";"90  или более, но не 100%";" ";"";"";"";"";"Слоисто-кучевых, слоистых, кучевых или кучево-дождевых облаков нет.";"Облаков нет.";"2500 или более, или облаков нет.";"Высококучевых, высокослоистых или слоисто-дождевых облаков нет.";"Перистые нитевидные, иногда когтевидные, не распространяющиеся по небу.";"10.0";"-15.6";"";"";"";"";"";"";
"02.02.2026 22:00";"-9.9";"748.1";"763.9";"1.5";"82";"Ветер, дующий с юго-запада";"1";"";"8";"40%.";"Состояние неба в общем не изменилось. ";"Снег и/или другие виды твердых осадков";"Метель";"";"";"Слоисто-кучевые, образовавшиеся не из кучевых.";"10%  или менее, но не 0";"600-1000";"Высококучевые просвечивающие, расположенные на одном уровне.";"Перистых, перисто-кучевых или перисто-слоистых нет.";"10.0";"-12.4";"";"";"";"";"";"";
"02.02.2026 19:00";"-4.5";"746.6";"762.0";"0.2";"88";"Ветер, дующий с юга";"5";"8";"";"100%.";"Снег с перерывами слабый в срок наблюдения. ";"Снег и/или другие виды твердых осадков";"Метель";"";"-4.0";"Слоисто-кучевые, образовавшиеся не из кучевых.";"50%.";"300-600";"Высокослоистые непросвечивающие или слоисто-дождевые.";"";"4.0";"-6.2";"3.0";"12";"";"";"";"";
"02.02.2026 16:00";"-4.1";"746.4";"761.8";"-0.4";"89";"Ветер, дующий с юго-юго-востока";"7";"9";"10";"100%.";"Снег непрерывный слабый в срок наблюдения. ";"Снег и/или другие виды твердых осадков";"Метель";"";"";"Слоисто-кучевых, слоистых, кучевых или кучево-дождевых облаков нет.";"100%.";"600-1000";"Высокослоистые непросвечивающие или слоисто-дождевые.";"";"4.0";"-5.7";"";"";"";"";"";"";
"02.02.2026 13:00";"-5.0";"746.8";"762.1";"-0.3";"87";"Ветер, дующий с юго-востока";"7";"9";"10";"100%.";"Снег непрерывный слабый в срок наблюдения. ";"Снег и/или другие виды твердых осадков";"Метель";"";"";"Слоисто-кучевых, слоистых, кучевых или кучево-дождевых облаков нет.";"100%.";"600-1000";"Высокослоистые непросвечивающие или слоисто-дождевые.";"";"4.0";"-6.8";"";"";"";"";"";"";
"02.02.2026 10:00";"-7.0";"747.1";"762.7";"-0.3";"89";"Ветер, дующий с востоко-юго-востока";"6";"8";"10";"100%.";"Снег непрерывный умеренный в срок наблюдения. ";"Снег и/или другие виды твердых осадков";"Метель";"";"";"Слоисто-кучевых, слоистых, кучевых или кучево-дождевых облаков нет.";"100%.";"600-1000";"Высокослоистые непросвечивающие или слоисто-дождевые.";"";"2.0";"-8.6";"";"";"";"";"";"";
"02.02.2026 07:00";"-8.0";"747.4";"763.0";"-1.1";"85";"Ветер, дующий с востока";"8";"10";"11";"100%.";"Слабый или умеренный поземок в целом низкий (ниже уровня глаз наблюдателя). ";"Снег и/или другие виды твердых осадков";"Метель";"-8.1";"";"Слоисто-кучевые, образовавшиеся не из кучевых.";"100%.";"600-1000";"";"";"10.0";"-10.1";"Следы осадков";"12";"";"";"Неровный слой сухого рассыпчатого снега покрывает поверхность почвы полностью.";"68.0";
"02.02.2026 04:00";"-8.0";"748.5";"764.2";"-0.3";"86";"Ветер, дующий с востока";"6";"8";"9";"100%.";"Снег непрерывный слабый в срок наблюдения. ";"Снег и/или другие виды твердых осадков";"Метель";"";"";"Слоисто-кучевых, слоистых, кучевых или кучево-дождевых облаков нет.";"100%.";"600-1000";"Высокослоистые непросвечивающие или слоисто-дождевые.";"";"4.0";"-9.9";"";"";"";"";"";"";
"02.02.2026 01:00";"-5.8";"748.8";"764.4";"0.4";"82";"Ветер, дующий с востоко-юго-востока";"6";"9";"9";"100%.";"Слабый или умеренный поземок в целом низкий (ниже уровня глаз наблюдателя). ";"Метель";"Облака покрывали более половины неба в течение всего соответствующего периода.";"";"";"Слоисто-кучевые, образовавшиеся не из кучевых.";"60%.";"600-1000";"Высокослоистые просвечивающие.";"";"10.0";"-8.4";"";"";"";"";"";"";
"01.02.2026 22:00";"-4.9";"748.4";"763.9";"0.4";"86";"Ветер, дующий с востока";"6";"7";"8";"100%.";"Состояние неба в общем не изменилось. ";"Снег и/или другие виды твердых осадков";"Облака покрывали более половины неба в течение всего соответствующего периода.";"";"";"Слоисто-кучевых, слоистых, кучевых или кучево-дождевых облаков нет.";"100%.";"2500 или более, или облаков нет.";"Высокослоистые просвечивающие.";"";"10.0";"-6.9";"";"";"";"";"";"";
"01.02.2026 19:00";"-6.3";"748.0";"763.6";"0.2";"87";"Ветер, дующий с востока";"6";"7";"8";"100%.";"Состояние неба в общем не изменилось. ";"Снег и/или другие виды твердых осадков";"Облака покрывали более половины неба в течение всего соответствующего периода.";"";"-6.3";"Слоисто-кучевых, слоистых, кучевых или кучево-дождевых облаков нет.";"100%.";"2500 или более, или облаков нет.";"Высокослоистые просвечивающие.";"";"10.0";"-8.1";"0.9";"12";"";"";"";"";
"01.02.2026 16:00";"-8.0";"747.8";"763.4";"-0.1";"85";"Ветер, дующий с востока";"5";"8";"8";"100%.";"Состояние неба в общем не изменилось. ";"Снег и/или другие виды твердых осадков";"Облака покрывали более половины неба в течение всего соответствующего периода.";"";"";"Слоисто-кучевых, слоистых, кучевых или кучево-дождевых облаков нет.";"100%.";"2500 или более, или облаков нет.";"Высокослоистые непросвечивающие или слоисто-дождевые.";"";"10.0";"-10.1";"";"";"";"";"";"";
"01.02.2026 13:00";"-9.8";"747.9";"763.6";"-0.2";"86";"Ветер, дующий с востока";"4";"7";"7";"100%.";"Снег непрерывный слабый в срок наблюдения. ";"Снег и/или другие виды твердых осадков";"Облака покрывали более половины неба в течение всего соответствующего периода.";"";"";"Слоисто-кучевых, слоистых, кучевых или кучево-дождевых облаков нет.";"100%.";"600-1000";"Высокослоистые непросвечивающие или слоисто-дождевые.";"";"4.0";"-11.8";"";"";"";"";"";"";
"01.02.2026 10:00";"-12.3";"748.1";"764.1";"-0.2";"85";"Ветер, дующий с востоко-северо-востока";"2";"";"7";"100%.";"Снег непрерывный слабый в срок наблюдения. ";"Снег и/или другие виды твердых осадков";"Облака покрывали более половины неба в течение всего соответствующего периода.";"";"";"Слоисто-кучевых, слоистых, кучевых или кучево-дождевых облаков нет.";"100%.";"600-1000";"Высокослоистые непросвечивающие или слоисто-дождевые.";"";"4.0";"-14.4";"";"";"";"";"";"";
"01.02.2026 07:00";"-13.3";"748.3";"764.3";"-0.7";"85";"Ветер, дующий с востоко-северо-востока";"2";"5";"6";"100%.";"Снег непрерывный слабый в срок наблюдения. ";"Снег и/или другие виды твердых осадков";"Облака покрывали более половины неба в течение всего соответствующего периода.";"-14.1";"";"Слоисто-кучевых, слоистых, кучевых или кучево-дождевых облаков нет.";"100%.";"600-1000";"Высокослоистые непросвечивающие или слоисто-дождевые.";"";"4.0";"-15.3";"3.0";"12";"";"";"Ровный слой сухого рассыпчатого снега покрывает поверхность почвы полностью.";"71.0";
"01.02.2026 04:00";"-13.9";"749.0";"765.1";"-0.5";"84";"Ветер, дующий с северо-востока";"2";"5";"6";"100%.";"Снег непрерывный слабый в срок наблюдения. ";"Снег и/или другие виды твердых осадков";"Облака покрывали более половины неба в течение всего соответствующего периода.";"";"";"Слоисто-кучевых, слоистых, кучевых или кучево-дождевых облаков нет.";"100%.";"600-1000";"Высокослоистые непросвечивающие или слоисто-дождевые.";"";"4.0";"-16.0";"";"";"";"";"";"";
"01.02.2026 01:00";"-14.0";"749.5";"765.5";"-0.5";"83";"Ветер, дующий с востоко-северо-востока";"2";"";"5";"100%.";"Снег с перерывами слабый в срок наблюдения. ";"Снег и/или другие виды твердых осадков";"Облака покрывали более половины неба в течение всего соответствующего периода.";"";"";"Слоисто-кучевые, образовавшиеся не из кучевых.";"100%.";"600-1000";"";"";"4.0";"-16.3";"";"";"";"";"";"";
